-- MySQL dump 10.13  Distrib 5.7.21, for Linux (x86_64)
--
-- Host: localhost    Database: bic
-- ------------------------------------------------------
-- Server version	5.7.21-0ubuntu0.16.04.1

/*!40101 SET @OLD_CHARACTER_SET_CLIENT=@@CHARACTER_SET_CLIENT */;
/*!40101 SET @OLD_CHARACTER_SET_RESULTS=@@CHARACTER_SET_RESULTS */;
/*!40101 SET @OLD_COLLATION_CONNECTION=@@COLLATION_CONNECTION */;
/*!40101 SET NAMES utf8 */;
/*!40103 SET @OLD_TIME_ZONE=@@TIME_ZONE */;
/*!40103 SET TIME_ZONE='+00:00' */;
/*!40014 SET @OLD_UNIQUE_CHECKS=@@UNIQUE_CHECKS, UNIQUE_CHECKS=0 */;
/*!40014 SET @OLD_FOREIGN_KEY_CHECKS=@@FOREIGN_KEY_CHECKS, FOREIGN_KEY_CHECKS=0 */;
/*!40101 SET @OLD_SQL_MODE=@@SQL_MODE, SQL_MODE='NO_AUTO_VALUE_ON_ZERO' */;
/*!40111 SET @OLD_SQL_NOTES=@@SQL_NOTES, SQL_NOTES=0 */;

--
-- Table structure for table `despesas_grupos`
--

DROP TABLE IF EXISTS `despesas_grupos`;
/*!40101 SET @saved_cs_client     = @@character_set_client */;
/*!40101 SET character_set_client = utf8 */;
CREATE TABLE `despesas_grupos` (
  `id_grupo` int(11) unsigned NOT NULL,
  `dt_despesa` varchar(10) COLLATE utf8_unicode_ci NOT NULL,
  `nb_despesa` double(8,2) NOT NULL,
  PRIMARY KEY (`id_grupo`,`dt_despesa`),
  CONSTRAINT `despesas_grupos_ibfk_1` FOREIGN KEY (`id_grupo`) REFERENCES `grupos` (`id_grupo`)
) ENGINE=InnoDB DEFAULT CHARSET=utf8 COLLATE=utf8_unicode_ci;
/*!40101 SET character_set_client = @saved_cs_client */;

--
-- Dumping data for table `despesas_grupos`
--

LOCK TABLES `despesas_grupos` WRITE;
/*!40000 ALTER TABLE `despesas_grupos` DISABLE KEYS */;
INSERT INTO `despesas_grupos` VALUES (1,'01/2018',716.17),(1,'02/2018',703.77),(1,'03/2018',693.33),(1,'04/2018',604.00),(1,'05/2018',705.66),(1,'06/2018',572.67),(1,'07/2018',271.00),(1,'08/2018',717.33),(1,'09/2018',116.66),(1,'10/2018',470.67),(1,'11/2018',490.34),(1,'12/2018',948.66),(2,'01/2018',6364.34),(2,'02/2018',1163.67),(2,'03/2018',595.33),(2,'04/2018',820.99),(2,'05/2018',1266.33),(2,'06/2018',471.33),(2,'07/2018',261.67),(2,'08/2018',803.33),(2,'09/2018',532.68),(2,'10/2018',575.66),(2,'11/2018',808.66),(2,'12/2018',375.00),(3,'01/2018',1216.01),(3,'02/2018',248.73),(3,'03/2018',323.34),(3,'04/2018',702.67),(3,'05/2018',500.00),(3,'06/2018',400.33),(3,'07/2018',421.33),(3,'08/2018',853.34),(3,'09/2018',74.67),(3,'10/2018',464.67),(3,'11/2018',166.67),(3,'12/2018',606.67),(5,'03/2018',0.00),(6,'03/2018',123.00);
/*!40000 ALTER TABLE `despesas_grupos` ENABLE KEYS */;
UNLOCK TABLES;

--
-- Table structure for table `empresas`
--

DROP TABLE IF EXISTS `empresas`;
/*!40101 SET @saved_cs_client     = @@character_set_client */;
/*!40101 SET character_set_client = utf8 */;
CREATE TABLE `empresas` (
  `id_empresa` int(11) NOT NULL AUTO_INCREMENT,
  `tx_empresa` varchar(255) COLLATE utf8_unicode_ci NOT NULL,
  `created_at` timestamp NOT NULL DEFAULT CURRENT_TIMESTAMP,
  `updated_at` timestamp NOT NULL DEFAULT CURRENT_TIMESTAMP ON UPDATE CURRENT_TIMESTAMP,
  PRIMARY KEY (`id_empresa`)
) ENGINE=InnoDB AUTO_INCREMENT=10 DEFAULT CHARSET=utf8 COLLATE=utf8_unicode_ci;
/*!40101 SET character_set_client = @saved_cs_client */;

--
-- Dumping data for table `empresas`
--

LOCK TABLES `empresas` WRITE;
/*!40000 ALTER TABLE `empresas` DISABLE KEYS */;
INSERT INTO `empresas` VALUES (1,'BIC','2017-12-23 20:49:34','2017-12-23 20:49:34'),(2,'BIC','2017-12-23 20:49:34','2017-12-23 20:49:34'),(3,'HONDA','2017-12-23 20:49:34','2017-12-23 20:49:34'),(4,'POLI','2017-12-23 20:49:34','2017-12-23 20:49:34'),(9,'HIAE','2018-01-05 14:18:18','2018-01-05 14:18:18');
/*!40000 ALTER TABLE `empresas` ENABLE KEYS */;
UNLOCK TABLES;

--
-- Table structure for table `grupos`
--

DROP TABLE IF EXISTS `grupos`;
/*!40101 SET @saved_cs_client     = @@character_set_client */;
/*!40101 SET character_set_client = utf8 */;
CREATE TABLE `grupos` (
  `id_grupo` int(10) unsigned NOT NULL,
  `tx_grupo` varchar(255) COLLATE utf8mb4_unicode_ci NOT NULL,
  `tx_color` varchar(20) COLLATE utf8mb4_unicode_ci DEFAULT NULL,
  `created_at` timestamp NOT NULL DEFAULT CURRENT_TIMESTAMP,
  `updated_at` timestamp NOT NULL DEFAULT CURRENT_TIMESTAMP ON UPDATE CURRENT_TIMESTAMP,
  `cs_situacao` char(1) COLLATE utf8mb4_unicode_ci DEFAULT NULL COMMENT '1 Ativo, 0 Desativado.',
  PRIMARY KEY (`id_grupo`)
) ENGINE=InnoDB DEFAULT CHARSET=utf8mb4 COLLATE=utf8mb4_unicode_ci;
/*!40101 SET character_set_client = @saved_cs_client */;

--
-- Dumping data for table `grupos`
--

LOCK TABLES `grupos` WRITE;
/*!40000 ALTER TABLE `grupos` DISABLE KEYS */;
INSERT INTO `grupos` VALUES (1,'ESTUDOS E PROJETOS','#4b781e','2017-12-23 20:48:04','2018-03-23 18:46:20','1'),(2,'GERENCIAMENTO & FISCALIZAÇÃO','#0b4483','2017-12-23 20:48:04','2018-03-23 18:46:20','1'),(3,'ADMINISTR','#e2084a','2017-12-12 01:00:03','2018-03-23 18:46:20','1'),(5,'INVESTIME','#ff8040','2018-03-15 11:01:10','2018-03-23 18:46:20','1'),(6,'OUTROS','#0080ff','2018-03-15 12:32:06','2018-04-12 19:19:04','1');
/*!40000 ALTER TABLE `grupos` ENABLE KEYS */;
UNLOCK TABLES;

--
-- Table structure for table `horas_grupos`
--

DROP TABLE IF EXISTS `horas_grupos`;
/*!40101 SET @saved_cs_client     = @@character_set_client */;
/*!40101 SET character_set_client = utf8 */;
CREATE TABLE `horas_grupos` (
  `id_grupo` int(11) NOT NULL,
  `nb_horas` int(11) NOT NULL,
  `dt_horas` varchar(10) COLLATE utf8_unicode_ci NOT NULL,
  PRIMARY KEY (`id_grupo`,`dt_horas`)
) ENGINE=InnoDB DEFAULT CHARSET=utf8 COLLATE=utf8_unicode_ci;
/*!40101 SET character_set_client = @saved_cs_client */;

--
-- Dumping data for table `horas_grupos`
--

LOCK TABLES `horas_grupos` WRITE;
/*!40000 ALTER TABLE `horas_grupos` DISABLE KEYS */;
INSERT INTO `horas_grupos` VALUES (1,106,'01/2018'),(1,55,'02/2018'),(1,32,'03/2018'),(1,18,'04/2018'),(1,46,'05/2018'),(1,20,'06/2018'),(1,38,'07/2018'),(1,17,'08/2018'),(1,24,'09/2018'),(1,24,'10/2018'),(1,23,'11/2018'),(1,26,'12/2018'),(2,195,'01/2018'),(2,72,'02/2018'),(2,37,'03/2018'),(2,29,'04/2018'),(2,34,'05/2018'),(2,31,'06/2018'),(2,22,'07/2018'),(2,24,'08/2018'),(2,40,'09/2018'),(2,14,'10/2018'),(2,24,'11/2018'),(2,15,'12/2018'),(3,78,'01/2018'),(3,13,'02/2018'),(3,7,'03/2018'),(3,20,'04/2018'),(3,29,'05/2018'),(3,10,'06/2018'),(3,10,'07/2018'),(3,28,'08/2018'),(3,7,'09/2018'),(3,20,'10/2018'),(3,3,'11/2018'),(3,11,'12/2018'),(5,19,'03/2018'),(6,12,'03/2018');
/*!40000 ALTER TABLE `horas_grupos` ENABLE KEYS */;
UNLOCK TABLES;

--
-- Table structure for table `horas_projetos_funcionarios`
--

DROP TABLE IF EXISTS `horas_projetos_funcionarios`;
/*!40101 SET @saved_cs_client     = @@character_set_client */;
/*!40101 SET character_set_client = utf8 */;
CREATE TABLE `horas_projetos_funcionarios` (
  `id_funcionario` int(10) unsigned NOT NULL,
  `id_projeto` int(10) unsigned NOT NULL,
  `id_grupo` int(10) unsigned NOT NULL,
  `dt_trabalho` date NOT NULL,
  `nb_horas_trabalho` int(11) NOT NULL,
  `nb_despesa` double(8,2) DEFAULT NULL,
  `created_at` timestamp NOT NULL DEFAULT CURRENT_TIMESTAMP,
  `updated_at` timestamp NOT NULL DEFAULT CURRENT_TIMESTAMP ON UPDATE CURRENT_TIMESTAMP,
  `cs_status_projeto` varchar(100) COLLATE utf8mb4_unicode_ci DEFAULT NULL,
  `cs_status` int(11) DEFAULT NULL,
  KEY `horas_projetos_funcionarios_id_funcionario_foreign` (`id_funcionario`),
  KEY `horas_projetos_funcionarios_id_projeto_id_grupo_foreign` (`id_projeto`,`id_grupo`),
  CONSTRAINT `horas_projetos_funcionarios_id_funcionario_foreign` FOREIGN KEY (`id_funcionario`) REFERENCES `users` (`id_usuario`),
  CONSTRAINT `horas_projetos_funcionarios_id_projeto_id_grupo_foreign` FOREIGN KEY (`id_projeto`, `id_grupo`) REFERENCES `projetos` (`id_projeto`, `id_grupo`)
) ENGINE=InnoDB DEFAULT CHARSET=utf8mb4 COLLATE=utf8mb4_unicode_ci;
/*!40101 SET character_set_client = @saved_cs_client */;

--
-- Dumping data for table `horas_projetos_funcionarios`
--

LOCK TABLES `horas_projetos_funcionarios` WRITE;
/*!40000 ALTER TABLE `horas_projetos_funcionarios` DISABLE KEYS */;
INSERT INTO `horas_projetos_funcionarios` VALUES (1,1,1,'2016-03-12',4,316.67,'2017-12-23 20:47:55','2017-12-23 20:47:55',NULL,NULL),(1,1,1,'2016-05-03',7,12.67,'2017-12-23 20:47:55','2017-12-23 20:47:55',NULL,NULL),(1,1,1,'2018-02-06',5,13.22,'2018-02-22 19:07:03','2018-02-22 19:07:03',NULL,NULL),(1,1,1,'2018-02-07',8,22.22,'2018-02-21 13:36:41','2018-02-21 13:36:41',NULL,NULL),(1,1,1,'2018-05-12',11,297.00,'2017-12-23 20:47:55','2017-12-23 20:47:55',NULL,NULL),(1,1,1,'2018-06-18',4,169.67,'2017-12-23 20:47:55','2017-12-23 20:47:55',NULL,NULL),(2,1,1,'2017-07-24',10,42.33,'2017-12-23 20:47:55','2017-12-23 20:47:55',NULL,NULL),(2,1,1,'2018-08-09',7,199.33,'2017-12-23 20:47:55','2017-12-23 20:47:55',NULL,NULL),(3,1,1,'2015-03-09',1,102.33,'2017-12-23 20:47:55','2017-12-23 20:47:55',NULL,NULL),(3,1,1,'2016-04-24',10,259.67,'2017-12-23 20:47:55','2017-12-23 20:47:55',NULL,NULL),(3,1,1,'2016-05-30',4,132.00,'2017-12-23 20:47:55','2017-12-23 20:47:55',NULL,NULL),(3,1,1,'2017-06-15',1,289.33,'2017-12-23 20:47:55','2017-12-23 20:47:55',NULL,NULL),(3,1,1,'2018-07-09',11,0.00,'2018-03-15 15:10:04','2018-03-15 15:10:04',NULL,NULL),(1,2,1,'2015-06-15',8,3.00,'2017-12-23 20:47:55','2017-12-23 20:47:55',NULL,NULL),(1,2,1,'2018-01-03',5,25.17,'2018-01-08 12:37:27','2018-01-08 12:37:27',NULL,NULL),(1,2,1,'2018-01-09',4,NULL,'2018-01-30 18:04:41','2018-01-30 18:04:41',NULL,NULL),(1,2,1,'2018-01-10',55,NULL,'2018-01-30 17:40:35','2018-01-30 17:40:35',NULL,NULL),(1,2,1,'2018-09-06',5,13.33,'2017-12-23 20:47:55','2017-12-23 20:47:55',NULL,NULL),(2,2,1,'2015-02-20',8,112.33,'2017-12-23 20:47:55','2017-12-23 20:47:55',NULL,NULL),(2,2,1,'2017-01-03',2,249.33,'2017-12-23 20:47:55','2017-12-23 20:47:55',NULL,NULL),(2,2,1,'2017-11-12',11,219.67,'2017-12-23 20:47:55','2017-12-23 20:47:55',NULL,NULL),(3,2,1,'2015-04-12',11,142.00,'2017-12-23 20:47:55','2017-12-23 20:47:55',NULL,NULL),(3,2,1,'2015-07-27',2,279.67,'2017-12-23 20:47:55','2017-12-23 20:47:55',NULL,NULL),(3,2,1,'2015-08-03',8,152.33,'2017-12-23 20:47:55','2017-12-23 20:47:55',NULL,NULL),(3,2,1,'2017-07-18',11,329.00,'2017-12-23 20:47:55','2017-12-23 20:47:55',NULL,NULL),(3,2,1,'2018-06-12',5,122.67,'2017-12-23 20:47:55','2017-12-23 20:47:55',NULL,NULL),(1,3,1,'2017-12-09',9,33.67,'2017-12-23 20:47:55','2017-12-23 20:47:55',NULL,NULL),(1,3,1,'2018-10-09',3,53.00,'2017-12-23 20:47:55','2017-12-23 20:47:55',NULL,NULL),(2,3,1,'2016-01-15',3,240.00,'2017-12-23 20:47:55','2017-12-23 20:47:55',NULL,NULL),(2,3,1,'2016-03-06',6,269.67,'2017-12-23 20:47:55','2017-12-23 20:47:55',NULL,NULL),(2,3,1,'2018-04-21',3,93.00,'2017-12-23 20:47:55','2017-12-23 20:47:55',NULL,NULL),(2,3,1,'2018-12-30',6,82.67,'2017-12-23 20:47:55','2017-12-23 20:47:55',NULL,NULL),(3,3,1,'2016-08-30',12,319.33,'2017-12-23 20:47:55','2017-12-23 20:47:55',NULL,NULL),(3,3,1,'2016-10-22',3,15.33,'2017-12-23 20:47:55','2017-12-23 20:47:55',NULL,NULL),(3,3,1,'2017-08-15',9,143.00,'2017-12-23 20:47:55','2017-12-23 20:47:55',NULL,NULL),(3,3,1,'2017-10-07',12,172.67,'2017-12-23 20:47:55','2017-12-23 20:47:55',NULL,NULL),(1,4,1,'2015-10-06',7,220.33,'2017-12-23 20:47:55','2017-12-23 20:47:55',NULL,NULL),(1,4,1,'2016-11-21',4,43.67,'2017-12-23 20:47:55','2017-12-23 20:47:55',NULL,NULL),(1,4,1,'2016-12-27',10,250.00,'2017-12-23 20:47:55','2017-12-23 20:47:55',NULL,NULL),(1,4,1,'2018-12-06',1,201.00,'2017-12-23 20:47:55','2017-12-23 20:47:55',NULL,NULL),(2,4,1,'2015-06-09',9,289.67,'2017-12-23 20:47:55','2017-12-23 20:47:55',NULL,NULL),(2,4,1,'2016-04-03',4,83.67,'2017-12-23 20:47:55','2017-12-23 20:47:55',NULL,NULL),(2,4,1,'2017-03-03',10,103.00,'2017-12-23 20:47:55','2017-12-23 20:47:55',NULL,NULL),(3,4,1,'2015-12-25',7,35.67,'2017-12-23 20:47:55','2017-12-23 20:47:55',NULL,NULL),(3,4,1,'2016-01-10',4,193.00,'2017-12-23 20:47:55','2017-12-23 20:47:55',NULL,NULL),(3,4,1,'2017-10-19',7,182.67,'2017-12-23 20:47:55','2017-12-23 20:47:55',NULL,NULL),(3,4,1,'2018-01-02',6,0.00,'2018-01-30 20:10:49','2018-01-30 20:10:49',NULL,NULL),(3,4,1,'2018-10-04',4,6.00,'2017-12-23 20:47:55','2017-12-23 20:47:55',NULL,NULL),(3,4,1,'2018-12-10',10,212.33,'2017-12-23 20:47:55','2017-12-23 20:47:55',NULL,NULL),(1,5,1,'2015-02-23',8,64.00,'2017-12-23 20:47:55','2017-12-23 20:47:55',NULL,NULL),(1,5,1,'2016-04-15',11,93.67,'2017-12-23 20:47:55','2017-12-23 20:47:55',NULL,NULL),(1,5,1,'2017-04-30',8,250.67,'2017-12-23 20:47:55','2017-12-23 20:47:55',NULL,NULL),(1,5,1,'2018-01-09',11,240.67,'2017-12-23 20:47:55','2017-12-23 20:47:55',NULL,NULL),(1,5,1,'2018-03-30',2,270.33,'2017-12-23 20:47:55','2017-12-23 20:47:55',NULL,NULL),(2,5,1,'2015-05-21',5,300.00,'2017-12-23 20:47:55','2017-12-23 20:47:55',NULL,NULL),(2,5,1,'2015-09-28',10,133.67,'2017-12-23 20:47:55','2017-12-23 20:47:55',NULL,NULL),(2,5,1,'2018-06-22',11,280.33,'2017-12-23 20:47:55','2017-12-23 20:47:55',NULL,NULL),(2,5,1,'2018-08-13',1,310.00,'2017-12-23 20:47:55','2017-12-23 20:47:55',NULL,NULL),(3,5,1,'2016-11-19',1,163.33,'2017-12-23 20:47:55','2017-12-23 20:47:55',NULL,NULL),(3,5,1,'2016-12-22',11,203.00,'2017-12-23 20:47:55','2017-12-23 20:47:55',NULL,NULL),(3,5,1,'2018-03-19',6,4.00,'2018-03-15 15:14:40','2018-03-15 15:14:40',NULL,NULL),(3,5,1,'2018-03-28',11,56.00,'2017-12-23 20:47:55','2017-12-23 20:47:55',NULL,NULL),(1,6,1,'2015-05-13',9,241.33,'2017-12-23 20:47:55','2017-12-23 20:47:55',NULL,NULL),(1,6,1,'2016-03-27',6,103.67,'2017-12-23 20:47:55','2017-12-23 20:47:55',NULL,NULL),(1,6,1,'2016-07-04',12,271.00,'2017-12-23 20:47:55','2017-12-23 20:47:55',NULL,NULL),(1,6,1,'2017-03-13',3,260.67,'2017-12-23 20:47:55','2017-12-23 20:47:55',NULL,NULL),(1,6,1,'2017-05-04',6,290.33,'2017-12-23 20:47:55','2017-12-23 20:47:55',NULL,NULL),(2,6,1,'2015-08-10',6,143.67,'2017-12-23 20:47:55','2017-12-23 20:47:55',NULL,NULL),(2,6,1,'2017-11-16',5,330.33,'2017-12-23 20:47:55','2017-12-23 20:47:55',NULL,NULL),(2,6,1,'2018-09-16',11,16.00,'2017-12-23 20:47:55','2017-12-23 20:47:55',NULL,NULL),(3,6,1,'2015-02-20',5,183.67,'2017-12-23 20:47:55','2017-12-23 20:47:55',NULL,NULL),(3,6,1,'2017-01-07',8,26.33,'2017-12-23 20:47:55','2017-12-23 20:47:55',NULL,NULL),(3,6,1,'2018-02-09',6,66.00,'2017-12-23 20:47:55','2017-12-23 20:47:55',NULL,NULL),(3,6,1,'2018-03-13',5,0.00,'2018-03-15 14:55:47','2018-03-15 14:55:47',NULL,NULL),(1,7,1,'2016-08-07',10,310.67,'2017-12-23 20:47:55','2017-12-23 20:47:55',NULL,NULL),(1,7,1,'2017-07-01',4,104.67,'2017-12-23 20:47:55','2017-12-23 20:47:55',NULL,NULL),(1,7,1,'2017-09-22',7,134.33,'2017-12-23 20:47:55','2017-12-23 20:47:55',NULL,NULL),(1,7,1,'2018-05-01',10,124.00,'2017-12-23 20:47:55','2017-12-23 20:47:55',NULL,NULL),(2,7,1,'2015-11-28',7,321.00,'2017-12-23 20:47:55','2017-12-23 20:47:55',NULL,NULL),(2,7,1,'2016-01-19',9,17.00,'2017-12-23 20:47:55','2017-12-23 20:47:55',NULL,NULL),(2,7,1,'2017-10-28',12,6.67,'2017-12-23 20:47:55','2017-12-23 20:47:55',NULL,NULL),(2,7,1,'2017-12-19',3,36.33,'2017-12-23 20:47:55','2017-12-23 20:47:55',NULL,NULL),(2,7,1,'2018-11-13',9,164.00,'2017-12-23 20:47:55','2017-12-23 20:47:55',NULL,NULL),(3,7,1,'2015-03-25',3,223.33,'2017-12-23 20:47:55','2017-12-23 20:47:55',NULL,NULL),(1,8,1,'2015-08-19',11,301.33,'2017-12-23 20:47:55','2017-12-23 20:47:55',NULL,NULL),(1,8,1,'2016-09-04',8,125.00,'2017-12-23 20:47:55','2017-12-23 20:47:55',NULL,NULL),(1,8,1,'2016-11-25',11,154.67,'2017-12-23 20:47:55','2017-12-23 20:47:55',NULL,NULL),(2,8,1,'2015-01-01',4,27.00,'2017-12-23 20:47:55','2017-12-23 20:47:55',NULL,NULL),(2,8,1,'2017-01-16',1,184.33,'2017-12-23 20:47:55','2017-12-23 20:47:55',NULL,NULL),(2,8,1,'2017-03-07',4,213.67,'2017-12-23 20:47:55','2017-12-23 20:47:55',NULL,NULL),(2,8,1,'2018-02-01',10,7.67,'2017-12-23 20:47:55','2017-12-23 20:47:55',NULL,NULL),(3,8,1,'2015-06-13',4,67.00,'2017-12-23 20:47:55','2017-12-23 20:47:55',NULL,NULL),(3,8,1,'2018-05-28',7,243.33,'2017-12-23 20:47:55','2017-12-23 20:47:55',NULL,NULL),(1,9,1,'2015-07-13',5,95.33,'2017-12-23 20:47:55','2017-12-23 20:47:55',NULL,NULL),(1,9,1,'2018-01-13',6,17.67,'2017-12-23 20:47:55','2017-12-23 20:47:55',NULL,NULL),(2,9,1,'2015-05-25',11,77.00,'2017-12-23 20:47:55','2017-12-23 20:47:55',NULL,NULL),(2,9,1,'2017-05-04',2,28.00,'2017-12-23 20:47:55','2017-12-23 20:47:55',NULL,NULL),(3,9,1,'2015-07-16',2,106.67,'2017-12-23 20:47:55','2017-12-23 20:47:55',NULL,NULL),(3,9,1,'2018-09-16',8,87.33,'2017-12-23 20:47:55','2017-12-23 20:47:55',NULL,NULL),(1,10,1,'2015-03-01',12,214.33,'2017-12-23 20:47:55','2017-12-23 20:47:55',NULL,NULL),(1,10,1,'2015-12-07',12,145.00,'2017-12-23 20:47:55','2017-12-23 20:47:55',NULL,NULL),(2,10,1,'2016-05-22',3,244.00,'2017-12-23 20:47:55','2017-12-23 20:47:55',NULL,NULL),(2,10,1,'2016-07-13',6,273.67,'2017-12-23 20:47:55','2017-12-23 20:47:55',NULL,NULL),(2,10,1,'2017-06-07',12,67.67,'2017-12-23 20:47:55','2017-12-23 20:47:55',NULL,NULL),(2,10,1,'2018-04-01',7,195.00,'2017-12-23 20:47:55','2017-12-23 20:47:55',NULL,NULL),(3,10,1,'2015-08-14',12,254.33,'2017-12-23 20:47:55','2017-12-23 20:47:55',NULL,NULL),(3,10,1,'2015-10-05',3,284.00,'2017-12-23 20:47:55','2017-12-23 20:47:55',NULL,NULL),(3,10,1,'2018-10-20',6,127.00,'2017-12-23 20:47:55','2017-12-23 20:47:55',NULL,NULL),(1,11,1,'2016-03-28',5,48.00,'2017-12-23 20:47:55','2017-12-23 20:47:55',NULL,NULL),(1,11,1,'2018-02-10',4,165.33,'2017-12-23 20:47:55','2017-12-23 20:47:55',NULL,NULL),(2,11,1,'2016-08-11',4,88.00,'2017-12-23 20:47:55','2017-12-23 20:47:55',NULL,NULL),(2,11,1,'2017-07-05',10,215.33,'2017-12-23 20:47:55','2017-12-23 20:47:55',NULL,NULL),(2,11,1,'2017-10-02',7,117.67,'2017-12-23 20:47:55','2017-12-23 20:47:55',NULL,NULL),(3,11,1,'2016-02-21',4,127.67,'2017-12-23 20:47:55','2017-12-23 20:47:55',NULL,NULL),(3,11,1,'2017-02-13',12,177.00,'2017-12-23 20:47:55','2017-12-23 20:47:55',NULL,NULL),(3,11,1,'2018-01-08',7,304.33,'2017-12-23 20:47:55','2017-12-23 20:47:55',NULL,NULL),(3,11,1,'2018-11-17',4,274.67,'2017-12-23 20:47:55','2017-12-23 20:47:55',NULL,NULL),(1,12,1,'2018-03-13',2,205.00,'2017-12-23 20:47:55','2017-12-23 20:47:55',NULL,NULL),(2,12,1,'2016-11-29',5,265.33,'2017-12-23 20:47:55','2017-12-23 20:47:55',NULL,NULL),(2,12,1,'2018-10-29',11,284.67,'2017-12-23 20:47:55','2017-12-23 20:47:55',NULL,NULL),(2,12,1,'2018-12-20',2,314.33,'2017-12-23 20:47:55','2017-12-23 20:47:55',NULL,NULL),(3,12,1,'2015-01-05',11,137.67,'2017-12-23 20:47:55','2017-12-23 20:47:55',NULL,NULL),(3,12,1,'2015-02-10',4,10.33,'2017-12-23 20:47:55','2017-12-23 20:47:55',NULL,NULL),(3,12,1,'2016-03-26',2,167.33,'2017-12-23 20:47:55','2017-12-23 20:47:55',NULL,NULL),(3,12,1,'2017-03-11',11,324.67,'2017-12-23 20:47:55','2017-12-23 20:47:55',NULL,NULL),(1,13,1,'2017-06-17',6,225.33,'2017-12-23 20:47:55','2017-12-23 20:47:55',NULL,NULL),(1,13,1,'2018-05-11',12,19.33,'2017-12-23 20:47:55','2017-12-23 20:47:55',NULL,NULL),(1,13,1,'2018-07-02',3,49.00,'2017-12-23 20:47:55','2017-12-23 20:47:55',NULL,NULL),(2,13,1,'2015-02-02',9,285.67,'2017-12-23 20:47:55','2017-12-23 20:47:55',NULL,NULL),(2,13,1,'2016-01-02',3,305.00,'2017-12-23 20:47:55','2017-12-23 20:47:55',NULL,NULL),(2,13,1,'2018-01-17',12,128.33,'2017-12-23 20:47:55','2017-12-23 20:47:55',NULL,NULL),(3,13,1,'2015-05-29',5,187.67,'2017-12-23 20:47:55','2017-12-23 20:47:55',NULL,NULL),(3,13,1,'2016-06-14',2,11.33,'2017-12-23 20:47:55','2017-12-23 20:47:55',NULL,NULL),(3,13,1,'2018-03-08',3,158.00,'2017-12-23 20:47:55','2017-12-23 20:47:55',NULL,NULL),(3,13,1,'2018-07-05',11,60.33,'2017-12-23 20:47:55','2017-12-23 20:47:55',NULL,NULL),(1,14,1,'2015-07-29',7,216.00,'2017-12-23 20:47:55','2017-12-23 20:47:55',NULL,NULL),(1,14,1,'2016-07-14',4,39.33,'2017-12-23 20:47:55','2017-12-23 20:47:55',NULL,NULL),(1,14,1,'2016-09-20',10,245.67,'2017-12-23 20:47:55','2017-12-23 20:47:55',NULL,NULL),(1,14,1,'2018-12-29',7,138.33,'2017-12-23 20:47:55','2017-12-23 20:47:55',NULL,NULL),(2,14,1,'2015-03-05',7,325.33,'2017-12-23 20:47:55','2017-12-23 20:47:55',NULL,NULL),(2,14,1,'2017-04-20',4,148.67,'2017-12-23 20:47:55','2017-12-23 20:47:55',NULL,NULL),(2,14,1,'2017-11-26',9,98.67,'2017-12-23 20:47:55','2017-12-23 20:47:55',NULL,NULL),(2,14,1,'2018-02-19',10,168.00,'2017-12-23 20:47:55','2017-12-23 20:47:55',NULL,NULL),(3,14,1,'2016-07-17',12,51.00,'2017-12-23 20:47:55','2017-12-23 20:47:55',NULL,NULL),(3,14,1,'2017-06-11',7,178.33,'2017-12-23 20:47:55','2017-12-23 20:47:55',NULL,NULL),(3,14,1,'2018-07-26',4,2.00,'2017-12-23 20:47:55','2017-12-23 20:47:55',NULL,NULL),(3,14,1,'2018-08-02',9,208.00,'2017-12-23 20:47:55','2017-12-23 20:47:55',NULL,NULL),(1,15,1,'2016-12-08',11,89.33,'2017-12-23 20:47:55','2017-12-23 20:47:55',NULL,NULL),(2,15,1,'2015-01-14',4,295.67,'2017-12-23 20:47:55','2017-12-23 20:47:55',NULL,NULL),(2,15,1,'2015-06-23',8,169.00,'2017-12-23 20:47:55','2017-12-23 20:47:55',NULL,NULL),(3,15,1,'2015-10-21',4,71.33,'2017-12-23 20:47:55','2017-12-23 20:47:55',NULL,NULL),(3,15,1,'2018-03-13',3,NULL,'2018-03-15 14:56:01','2018-03-15 14:56:01',NULL,NULL),(3,15,1,'2018-11-21',10,51.67,'2017-12-23 20:47:55','2017-12-23 20:47:55',NULL,NULL),(1,16,1,'2015-02-11',2,109.67,'2017-12-23 20:47:55','2017-12-23 20:47:55',NULL,NULL),(1,16,1,'2015-11-20',6,99.33,'2017-12-23 20:47:55','2017-12-23 20:47:55',NULL,NULL),(1,16,1,'2017-02-25',5,286.33,'2017-12-23 20:47:55','2017-12-23 20:47:55',NULL,NULL),(1,16,1,'2017-12-05',3,256.67,'2017-12-23 20:47:55','2017-12-23 20:47:55',NULL,NULL),(2,16,1,'2017-08-12',3,32.00,'2017-12-23 20:47:55','2017-12-23 20:47:55',NULL,NULL),(2,16,1,'2018-04-17',8,316.00,'2017-12-23 20:47:55','2017-12-23 20:47:55',NULL,NULL),(3,16,1,'2015-11-18',3,219.00,'2017-12-23 20:47:55','2017-12-23 20:47:55',NULL,NULL),(3,16,1,'2016-10-18',8,238.33,'2017-12-23 20:47:55','2017-12-23 20:47:55',NULL,NULL),(3,16,1,'2017-02-22',2,72.00,'2017-12-23 20:47:55','2017-12-23 20:47:55',NULL,NULL),(3,16,1,'2017-10-03',5,61.67,'2017-12-23 20:47:55','2017-12-23 20:47:55',NULL,NULL),(3,16,1,'2017-12-09',11,268.00,'2017-12-23 20:47:55','2017-12-23 20:47:55',NULL,NULL),(1,17,1,'2015-04-14',12,149.33,'2017-12-23 20:47:55','2017-12-23 20:47:55',NULL,NULL),(1,17,1,'2016-02-08',7,277.00,'2017-12-23 20:47:55','2017-12-23 20:47:55',NULL,NULL),(1,17,1,'2016-04-29',9,306.67,'2017-12-23 20:47:55','2017-12-23 20:47:55',NULL,NULL),(1,17,1,'2017-01-08',1,296.33,'2017-12-23 20:47:55','2017-12-23 20:47:55',NULL,NULL),(1,17,1,'2017-03-29',3,326.00,'2017-12-23 20:47:55','2017-12-23 20:47:55',NULL,NULL),(1,17,1,'2018-05-20',6,22.00,'2017-12-23 20:47:55','2017-12-23 20:47:55',NULL,NULL),(2,17,1,'2015-10-30',10,229.00,'2017-12-23 20:47:55','2017-12-23 20:47:55',NULL,NULL),(2,17,1,'2017-06-21',12,2.67,'2017-12-23 20:47:55','2017-12-23 20:47:55',NULL,NULL),(2,17,1,'2018-07-06',9,159.67,'2017-12-23 20:47:55','2017-12-23 20:47:55',NULL,NULL),(3,17,1,'2015-02-11',3,288.33,'2017-12-23 20:47:55','2017-12-23 20:47:55',NULL,NULL),(3,17,1,'2018-02-20',6,239.33,'2017-12-23 20:47:55','2017-12-23 20:47:55',NULL,NULL),(1,58,1,'2018-02-05',6,22.00,'2018-02-02 16:07:53','2018-02-02 16:07:53',NULL,NULL),(1,101,2,'2015-02-02',7,51.33,'2017-12-23 20:47:55','2017-12-23 20:47:55',NULL,NULL),(1,101,2,'2017-06-12',5,277.67,'2017-12-23 20:47:55','2017-12-23 20:47:55',NULL,NULL),(1,101,2,'2017-12-01',5,0.00,'2017-12-23 20:47:55','2017-12-23 20:47:55',NULL,NULL),(1,101,2,'2017-12-08',8,5.00,'2017-12-23 20:47:55','2017-12-23 20:47:55',NULL,NULL),(1,101,2,'2017-12-10',8,0.00,'2017-12-23 20:47:55','2017-12-23 20:47:55',NULL,NULL),(1,101,2,'2017-12-12',9,50.00,'2017-12-23 20:47:55','2017-12-23 20:47:55',NULL,NULL),(1,101,2,'2017-12-13',10,NULL,'2017-12-23 20:47:55','2017-12-23 20:47:55',NULL,NULL),(1,101,2,'2017-12-19',8,0.00,'2017-12-23 20:47:55','2017-12-23 20:47:55',NULL,NULL),(1,101,2,'2018-01-09',12,8.00,'2018-01-30 18:05:02','2018-01-30 18:05:02',NULL,NULL),(1,101,2,'2018-03-01',5,0.00,'2018-03-01 18:31:16','2018-03-01 18:31:16',NULL,NULL),(1,101,2,'2018-03-09',7,0.00,'2018-03-09 20:21:57','2018-03-09 20:21:57',NULL,NULL),(1,101,2,'2018-07-27',2,101.33,'2017-12-23 20:47:55','2017-12-23 20:47:55',NULL,NULL),(2,101,2,'2016-11-06',11,327.67,'2017-12-23 20:47:55','2017-12-23 20:47:55',NULL,NULL),(2,101,2,'2018-02-11',11,180.67,'2017-12-23 20:47:55','2017-12-23 20:47:55',NULL,NULL),(2,101,2,'2018-08-03',7,307.33,'2017-12-23 20:47:55','2017-12-23 20:47:55',NULL,NULL),(2,101,2,'2018-12-15',1,33.00,'2017-12-23 20:47:55','2017-12-23 20:47:55',NULL,NULL),(3,101,2,'2015-04-03',2,210.33,'2017-12-23 20:47:55','2017-12-23 20:47:55',NULL,NULL),(3,101,2,'2015-06-24',4,240.00,'2017-12-23 20:47:55','2017-12-23 20:47:55',NULL,NULL),(3,101,2,'2016-04-18',11,34.00,'2017-12-23 20:47:55','2017-12-23 20:47:55',NULL,NULL),(3,101,2,'2016-06-09',1,63.67,'2017-12-23 20:47:55','2017-12-23 20:47:55',NULL,NULL),(3,101,2,'2017-02-14',7,13.67,'2017-12-23 20:47:55','2017-12-23 20:47:55',NULL,NULL),(3,101,2,'2017-03-18',5,53.33,'2017-12-23 20:47:55','2017-12-23 20:47:55',NULL,NULL),(3,101,2,'2018-01-01',8,120.00,'2018-01-30 16:32:15','2018-01-30 16:32:15',NULL,NULL),(3,101,2,'2018-01-02',8,0.00,'2018-01-30 03:55:43','2018-01-30 03:55:43',NULL,NULL),(3,101,2,'2018-04-06',10,43.33,'2017-12-23 20:47:55','2017-12-23 20:47:55',NULL,NULL),(3,101,2,'2018-07-30',10,112.67,'2017-12-23 20:47:55','2017-12-23 20:47:55',NULL,NULL),(1,102,2,'2015-07-24',6,268.33,'2017-12-23 20:47:55','2017-12-23 20:47:55',NULL,NULL),(1,102,2,'2015-08-30',12,141.00,'2017-12-23 20:47:55','2017-12-23 20:47:55',NULL,NULL),(1,102,2,'2015-11-18',1,318.33,'2017-12-23 20:47:55','2017-12-23 20:47:55',NULL,NULL),(1,102,2,'2016-09-15',9,298.00,'2017-12-23 20:47:55','2017-12-23 20:47:55',NULL,NULL),(1,102,2,'2016-10-18',6,4.00,'2017-12-23 20:47:55','2017-12-23 20:47:55',NULL,NULL),(1,102,2,'2017-09-12',1,131.67,'2017-12-23 20:47:55','2017-12-23 20:47:55',NULL,NULL),(1,102,2,'2017-10-30',6,121.67,'2017-12-23 20:47:55','2017-12-23 20:47:55',NULL,NULL),(1,102,2,'2017-11-03',3,161.33,'2017-12-23 20:47:55','2017-12-23 20:47:55',NULL,NULL),(1,102,2,'2017-12-01',8,0.00,'2017-12-23 20:47:55','2017-12-23 20:47:55',NULL,NULL),(1,102,2,'2017-12-09',8,NULL,'2017-12-23 20:47:55','2017-12-23 20:47:55',NULL,NULL),(1,102,2,'2017-12-10',3,25.00,'2017-12-23 20:47:55','2017-12-23 20:47:55',NULL,NULL),(1,102,2,'2017-12-14',10,NULL,'2017-12-23 20:47:55','2017-12-23 20:47:55',NULL,NULL),(1,102,2,'2017-12-22',5,NULL,'2017-12-23 20:47:55','2017-12-23 20:47:55',NULL,NULL),(1,102,2,'2018-01-09',8,125.00,'2018-01-30 17:37:57','2018-01-30 17:37:57',NULL,NULL),(1,102,2,'2018-01-10',96,12.00,'2018-01-30 17:42:43','2018-01-30 17:42:43',NULL,NULL),(1,102,2,'2018-06-09',9,111.33,'2017-12-23 20:47:55','2017-12-23 20:47:55',NULL,NULL),(1,102,2,'2018-09-27',10,288.67,'2017-12-23 20:47:55','2017-12-23 20:47:55',NULL,NULL),(2,102,2,'2015-01-09',3,14.33,'2017-12-23 20:47:55','2017-12-23 20:47:55',NULL,NULL),(2,102,2,'2015-05-06',12,250.00,'2017-12-23 20:47:55','2017-12-23 20:47:55',NULL,NULL),(2,102,2,'2016-03-30',6,44.00,'2017-12-23 20:47:55','2017-12-23 20:47:55',NULL,NULL),(2,102,2,'2017-02-23',12,171.33,'2017-12-23 20:47:55','2017-12-23 20:47:55',NULL,NULL),(2,102,2,'2018-01-02',8,0.00,'2018-01-08 23:08:48','2018-01-08 23:08:48',NULL,NULL),(2,102,2,'2018-01-03',5,5689.00,'2018-01-09 12:49:00','2018-01-09 12:49:00',NULL,NULL),(2,102,2,'2018-01-04',8,0.00,'2018-01-29 22:22:29','2018-01-29 22:22:29',NULL,NULL),(2,102,2,'2018-03-15',9,220.67,'2017-12-23 20:47:55','2017-12-23 20:47:55',NULL,NULL),(3,102,2,'2015-09-12',5,84.00,'2017-12-23 20:47:55','2017-12-23 20:47:55',NULL,NULL),(3,102,2,'2017-11-01',12,280.67,'2017-12-23 20:47:55','2017-12-23 20:47:55',NULL,NULL),(3,102,2,'2018-01-03',6,NULL,'2018-01-30 16:38:52','2018-01-30 16:38:52',NULL,NULL),(3,102,2,'2018-03-13',3,NULL,'2018-03-15 14:56:38','2018-03-15 14:56:38',NULL,NULL),(3,102,2,'2018-06-06',6,230.67,'2017-12-23 20:47:55','2017-12-23 20:47:55',NULL,NULL),(3,102,2,'2018-08-27',8,260.33,'2017-12-23 20:47:55','2017-12-23 20:47:55',NULL,NULL),(1,103,2,'2015-04-09',11,201.67,'2017-12-23 20:47:55','2017-12-23 20:47:55',NULL,NULL),(1,103,2,'2016-02-11',1,54.00,'2017-12-23 20:47:55','2017-12-23 20:47:55',NULL,NULL),(1,103,2,'2017-04-24',8,25.33,'2017-12-23 20:47:55','2017-12-23 20:47:55',NULL,NULL),(2,103,2,'2015-06-03',10,64.33,'2017-12-23 20:47:55','2017-12-23 20:47:55',NULL,NULL),(2,103,2,'2016-07-18',7,221.33,'2017-12-23 20:47:55','2017-12-23 20:47:55',NULL,NULL),(2,103,2,'2016-08-22',5,261.00,'2017-12-23 20:47:55','2017-12-23 20:47:55',NULL,NULL),(2,103,2,'2017-03-27',10,211.00,'2017-12-23 20:47:55','2017-12-23 20:47:55',NULL,NULL),(2,103,2,'2017-05-18',1,240.67,'2017-12-23 20:47:55','2017-12-23 20:47:55',NULL,NULL),(2,103,2,'2018-04-12',7,34.67,'2017-12-23 20:47:55','2017-12-23 20:47:55',NULL,NULL),(3,103,2,'2016-01-04',4,301.00,'2017-12-23 20:47:55','2017-12-23 20:47:55',NULL,NULL),(3,103,2,'2016-09-10',10,251.00,'2017-12-23 20:47:55','2017-12-23 20:47:55',NULL,NULL),(3,103,2,'2017-12-04',10,320.33,'2017-12-23 20:47:55','2017-12-23 20:47:55',NULL,NULL),(3,103,2,'2018-10-28',4,114.33,'2017-12-23 20:47:55','2017-12-23 20:47:55',NULL,NULL),(1,104,2,'2015-02-17',9,172.00,'2017-12-23 20:47:55','2017-12-23 20:47:55',NULL,NULL),(1,104,2,'2015-03-22',6,211.67,'2017-12-23 20:47:55','2017-12-23 20:47:55',NULL,NULL),(1,104,2,'2015-12-09',5,NULL,'2017-12-23 20:47:55','2017-12-23 20:47:55',NULL,NULL),(1,104,2,'2016-02-03',6,329.33,'2017-12-23 20:47:55','2017-12-23 20:47:55',NULL,NULL),(1,104,2,'2016-04-07',4,35.33,'2017-12-23 20:47:55','2017-12-23 20:47:55',NULL,NULL),(1,104,2,'2018-01-03',3,NULL,'2018-01-08 12:44:09','2018-01-08 12:44:09',NULL,NULL),(1,104,2,'2018-01-04',3,5.00,'2018-01-08 12:43:55','2018-01-08 12:43:55',NULL,NULL),(1,104,2,'2018-01-09',22,25.00,'2018-01-30 18:04:22','2018-01-30 18:04:22',NULL,NULL),(1,104,2,'2018-04-22',1,192.33,'2017-12-23 20:47:55','2017-12-23 20:47:55',NULL,NULL),(2,104,2,'2015-10-25',9,281.33,'2017-12-23 20:47:55','2017-12-23 20:47:55',NULL,NULL),(2,104,2,'2016-09-19',3,75.33,'2017-12-23 20:47:55','2017-12-23 20:47:55',NULL,NULL),(2,104,2,'2016-11-10',6,104.67,'2017-12-23 20:47:55','2017-12-23 20:47:55',NULL,NULL),(2,104,2,'2018-01-28',1,301.67,'2017-12-23 20:47:55','2017-12-23 20:47:55',NULL,NULL),(3,104,2,'2015-05-10',6,27.33,'2017-12-23 20:47:55','2017-12-23 20:47:55',NULL,NULL),(3,104,2,'2015-12-16',11,311.00,'2017-12-23 20:47:55','2017-12-23 20:47:55',NULL,NULL),(3,104,2,'2016-02-06',2,7.00,'2017-12-23 20:47:55','2017-12-23 20:47:55',NULL,NULL),(3,104,2,'2016-04-04',12,154.67,'2017-12-23 20:47:55','2017-12-23 20:47:55',NULL,NULL),(3,104,2,'2017-06-10',12,8.00,'2017-12-23 20:47:55','2017-12-23 20:47:55',NULL,NULL),(3,104,2,'2018-02-15',5,291.67,'2017-12-23 20:47:55','2017-12-23 20:47:55',NULL,NULL),(1,105,2,'2015-06-10',7,55.67,'2017-12-23 20:47:55','2017-12-23 20:47:55',NULL,NULL),(1,105,2,'2015-09-28',8,233.00,'2017-12-23 20:47:55','2017-12-23 20:47:55',NULL,NULL),(1,105,2,'2016-07-25',4,212.67,'2017-12-23 20:47:55','2017-12-23 20:47:55',NULL,NULL),(1,105,2,'2016-08-01',10,85.33,'2017-12-23 20:47:55','2017-12-23 20:47:55',NULL,NULL),(1,105,2,'2017-09-16',7,242.33,'2017-12-23 20:47:55','2017-12-23 20:47:55',NULL,NULL),(1,105,2,'2018-05-25',10,232.00,'2017-12-23 20:47:55','2017-12-23 20:47:55',NULL,NULL),(1,105,2,'2018-09-13',11,75.67,'2017-12-23 20:47:55','2017-12-23 20:47:55',NULL,NULL),(2,105,2,'2015-01-25',5,135.00,'2017-12-23 20:47:55','2017-12-23 20:47:55',NULL,NULL),(2,105,2,'2015-12-22',7,95.33,'2017-12-23 20:47:55','2017-12-23 20:47:55',NULL,NULL),(2,105,2,'2017-11-07',10,272.00,'2017-12-23 20:47:55','2017-12-23 20:47:55',NULL,NULL),(2,105,2,'2018-02-24',11,115.67,'2017-12-23 20:47:55','2017-12-23 20:47:55',NULL,NULL),(2,105,2,'2018-04-16',2,145.33,'2017-12-23 20:47:55','2017-12-23 20:47:55',NULL,NULL),(3,105,2,'2015-09-01',5,244.33,'2017-12-23 20:47:55','2017-12-23 20:47:55',NULL,NULL),(3,105,2,'2018-07-13',10,47.67,'2017-12-23 20:47:55','2017-12-23 20:47:55',NULL,NULL),(3,105,2,'2018-11-02',11,225.00,'2017-12-23 20:47:55','2017-12-23 20:47:55',NULL,NULL),(1,106,2,'2015-02-21',3,283.00,'2017-12-23 20:47:55','2017-12-23 20:47:55',NULL,NULL),(1,106,2,'2015-03-25',1,322.67,'2017-12-23 20:47:55','2017-12-23 20:47:55',NULL,NULL),(1,106,2,'2016-01-22',9,302.33,'2017-12-23 20:47:55','2017-12-23 20:47:55',NULL,NULL),(1,106,2,'2016-11-01',6,272.67,'2017-12-23 20:47:55','2017-12-23 20:47:55',NULL,NULL),(1,106,2,'2017-01-07',6,125.67,'2017-12-23 20:47:55','2017-12-23 20:47:55',NULL,NULL),(1,106,2,'2018-02-01',7,0.00,'2018-02-02 16:04:02','2018-02-02 16:04:02',NULL,NULL),(1,106,2,'2018-02-02',7,0.00,'2018-02-02 16:03:26','2018-02-02 16:03:26',NULL,NULL),(1,106,2,'2018-02-12',5,0.00,'2018-02-28 14:55:55','2018-02-28 14:55:55',NULL,NULL),(1,106,2,'2018-12-01',12,253.33,'2017-12-23 20:47:55','2017-12-23 20:47:55',NULL,NULL),(2,106,2,'2015-05-16',4,18.67,'2017-12-23 20:47:55','2017-12-23 20:47:55',NULL,NULL),(2,106,2,'2016-03-13',12,332.00,'2017-12-23 20:47:55','2017-12-23 20:47:55',NULL,NULL),(2,106,2,'2016-07-08',6,48.33,'2017-12-23 20:47:55','2017-12-23 20:47:55',NULL,NULL),(2,106,2,'2017-06-01',1,175.67,'2017-12-23 20:47:55','2017-12-23 20:47:55',NULL,NULL),(2,106,2,'2017-07-19',5,165.67,'2017-12-23 20:47:55','2017-12-23 20:47:55',NULL,NULL),(2,106,2,'2018-05-19',11,185.00,'2017-12-23 20:47:55','2017-12-23 20:47:55',NULL,NULL),(2,106,2,'2018-09-08',12,28.67,'2017-12-23 20:47:55','2017-12-23 20:47:55',NULL,NULL),(3,106,2,'2015-01-20',6,88.00,'2017-12-23 20:47:55','2017-12-23 20:47:55',NULL,NULL),(3,106,2,'2015-11-29',3,58.33,'2017-12-23 20:47:55','2017-12-23 20:47:55',NULL,NULL),(3,106,2,'2017-01-05',3,245.33,'2017-12-23 20:47:55','2017-12-23 20:47:55',NULL,NULL),(3,106,2,'2018-10-14',6,235.00,'2017-12-23 20:47:55','2017-12-23 20:47:55',NULL,NULL),(1,107,2,'2015-04-23',11,136.67,'2017-12-23 20:47:55','2017-12-23 20:47:55',NULL,NULL),(1,107,2,'2015-06-14',2,166.33,'2017-12-23 20:47:55','2017-12-23 20:47:55',NULL,NULL),(1,107,2,'2016-02-18',7,116.33,'2017-12-23 20:47:55','2017-12-23 20:47:55',NULL,NULL),(1,107,2,'2016-03-22',5,156.00,'2017-12-23 20:47:55','2017-12-23 20:47:55',NULL,NULL),(1,107,2,'2016-04-10',10,146.00,'2017-12-23 20:47:55','2017-12-23 20:47:55',NULL,NULL),(1,107,2,'2017-05-25',7,303.33,'2017-12-23 20:47:55','2017-12-23 20:47:55',NULL,NULL),(1,107,2,'2017-12-19',1,135.67,'2017-12-23 20:47:55','2017-12-23 20:47:55',NULL,NULL),(1,107,2,'2018-06-29',5,9.33,'2017-12-23 20:47:55','2017-12-23 20:47:55',NULL,NULL),(2,107,2,'2016-08-05',5,196.00,'2017-12-23 20:47:55','2017-12-23 20:47:55',NULL,NULL),(2,107,2,'2016-10-26',7,225.67,'2017-12-23 20:47:55','2017-12-23 20:47:55',NULL,NULL),(2,107,2,'2017-09-20',2,19.33,'2017-12-23 20:47:55','2017-12-23 20:47:55',NULL,NULL),(2,107,2,'2018-08-20',8,39.00,'2017-12-23 20:47:55','2017-12-23 20:47:55',NULL,NULL),(2,107,2,'2018-12-14',2,88.67,'2017-12-23 20:47:55','2017-12-23 20:47:55',NULL,NULL),(3,107,2,'2017-02-07',1,285.00,'2017-12-23 20:47:55','2017-12-23 20:47:55',NULL,NULL),(3,107,2,'2017-04-05',11,99.00,'2017-12-23 20:47:55','2017-12-23 20:47:55',NULL,NULL),(3,107,2,'2018-01-02',7,78.67,'2017-12-23 20:47:55','2017-12-23 20:47:55',NULL,NULL),(3,107,2,'2018-02-05',5,118.33,'2017-12-23 20:47:55','2017-12-23 20:47:55',NULL,NULL),(3,107,2,'2018-03-23',10,108.33,'2017-12-23 20:47:55','2017-12-23 20:47:55',NULL,NULL),(3,107,2,'2018-04-26',8,148.00,'2017-12-23 20:47:55','2017-12-23 20:47:55',NULL,NULL),(1,108,2,'2015-05-26',9,176.33,'2017-12-23 20:47:55','2017-12-23 20:47:55',NULL,NULL),(1,108,2,'2015-07-17',12,206.00,'2017-12-23 20:47:55','2017-12-23 20:47:55',NULL,NULL),(1,108,2,'2015-09-14',10,20.00,'2017-12-23 20:47:55','2017-12-23 20:47:55',NULL,NULL),(1,108,2,'2015-11-05',1,49.67,'2017-12-23 20:47:55','2017-12-23 20:47:55',NULL,NULL),(1,108,2,'2017-05-05',12,127.33,'2017-12-23 20:47:55','2017-12-23 20:47:55',NULL,NULL),(1,108,2,'2017-08-02',9,29.33,'2017-12-23 20:47:55','2017-12-23 20:47:55',NULL,NULL),(1,108,2,'2018-08-29',1,196.67,'2017-12-23 20:47:55','2017-12-23 20:47:55',NULL,NULL),(1,108,2,'2018-10-20',4,226.33,'2017-12-23 20:47:55','2017-12-23 20:47:55',NULL,NULL),(2,108,2,'2015-01-29',11,246.00,'2017-12-23 20:47:55','2017-12-23 20:47:55',NULL,NULL),(2,108,2,'2015-12-11',6,256.00,'2017-12-23 20:47:55','2017-12-23 20:47:55',NULL,NULL),(2,108,2,'2016-03-17',6,109.00,'2017-12-23 20:47:55','2017-12-23 20:47:55',NULL,NULL),(2,108,2,'2016-12-23',6,39.67,'2017-12-23 20:47:55','2017-12-23 20:47:55',NULL,NULL),(2,108,2,'2018-03-02',3,266.33,'2017-12-23 20:47:55','2017-12-23 20:47:55',NULL,NULL),(2,108,2,'2018-11-08',8,216.33,'2017-12-23 20:47:55','2017-12-23 20:47:55',NULL,NULL),(3,108,2,'2015-04-17',12,89.67,'2017-12-23 20:47:55','2017-12-23 20:47:55',NULL,NULL),(3,108,2,'2016-09-02',3,188.67,'2017-12-23 20:47:55','2017-12-23 20:47:55',NULL,NULL),(3,108,2,'2017-05-08',9,138.67,'2017-12-23 20:47:55','2017-12-23 20:47:55',NULL,NULL),(3,108,2,'2018-05-23',6,296.00,'2017-12-23 20:47:55','2017-12-23 20:47:55',NULL,NULL),(1,109,2,'2015-12-02',11,197.67,'2017-12-23 20:47:55','2017-12-23 20:47:55',NULL,NULL),(1,109,2,'2016-09-29',7,177.33,'2017-12-23 20:47:55','2017-12-23 20:47:55',NULL,NULL),(1,109,2,'2017-01-23',8,246.67,'2017-12-23 20:47:55','2017-12-23 20:47:55',NULL,NULL),(1,109,2,'2017-09-26',11,10.67,'2017-12-23 20:47:55','2017-12-23 20:47:55',NULL,NULL),(1,109,2,'2018-11-17',2,40.33,'2017-12-23 20:47:55','2017-12-23 20:47:55',NULL,NULL),(2,109,2,'2015-05-20',10,129.33,'2017-12-23 20:47:55','2017-12-23 20:47:55',NULL,NULL),(2,109,2,'2016-04-14',4,257.00,'2017-12-23 20:47:55','2017-12-23 20:47:55',NULL,NULL),(2,109,2,'2016-05-17',2,296.67,'2017-12-23 20:47:55','2017-12-23 20:47:55',NULL,NULL),(2,109,2,'2017-03-14',10,276.33,'2017-12-23 20:47:55','2017-12-23 20:47:55',NULL,NULL),(2,109,2,'2017-07-08',5,326.00,'2017-12-23 20:47:55','2017-12-23 20:47:55',NULL,NULL),(2,109,2,'2018-05-05',1,306.00,'2017-12-23 20:47:55','2017-12-23 20:47:55',NULL,NULL),(3,109,2,'2015-09-09',11,306.67,'2017-12-23 20:47:55','2017-12-23 20:47:55',NULL,NULL),(3,109,2,'2015-12-06',7,209.00,'2017-12-23 20:47:55','2017-12-23 20:47:55',NULL,NULL),(3,109,2,'2016-11-30',2,2.67,'2017-12-23 20:47:55','2017-12-23 20:47:55',NULL,NULL),(3,109,2,'2017-09-30',8,22.00,'2017-12-23 20:47:55','2017-12-23 20:47:55',NULL,NULL),(3,109,2,'2018-09-11',7,139.67,'2017-12-23 20:47:55','2017-12-23 20:47:55',NULL,NULL),(1,110,2,'2016-03-26',11,267.00,'2017-12-23 20:47:55','2017-12-23 20:47:55',NULL,NULL),(1,110,2,'2016-04-24',10,81.00,'2017-12-23 20:47:55','2017-12-23 20:47:55',NULL,NULL),(1,110,2,'2016-12-29',3,31.00,'2017-12-23 20:47:55','2017-12-23 20:47:55',NULL,NULL),(1,110,2,'2017-02-19',6,60.67,'2017-12-23 20:47:55','2017-12-23 20:47:55',NULL,NULL),(1,110,2,'2017-03-23',4,100.33,'2017-12-23 20:47:55','2017-12-23 20:47:55',NULL,NULL),(1,110,2,'2017-05-15',6,130.00,'2017-12-23 20:47:55','2017-12-23 20:47:55',NULL,NULL),(1,110,2,'2018-02-16',10,228.00,'2017-12-23 20:47:55','2017-12-23 20:47:55',NULL,NULL),(1,110,2,'2018-04-08',1,257.33,'2017-12-23 20:47:55','2017-12-23 20:47:55',NULL,NULL),(2,110,2,'2016-10-12',9,12.67,'2017-12-23 20:47:55','2017-12-23 20:47:55',NULL,NULL),(2,110,2,'2017-04-11',9,90.33,'2017-12-23 20:47:55','2017-12-23 20:47:55',NULL,NULL),(2,110,2,'2018-05-26',6,247.33,'2017-12-23 20:47:55','2017-12-23 20:47:55',NULL,NULL),(2,110,2,'2018-06-02',11,120.00,'2017-12-23 20:47:55','2017-12-23 20:47:55',NULL,NULL),(3,110,2,'2015-02-06',3,62.67,'2017-12-23 20:47:55','2017-12-23 20:47:55',NULL,NULL),(3,110,2,'2016-12-03',12,42.33,'2017-12-23 20:47:55','2017-12-23 20:47:55',NULL,NULL),(3,110,2,'2017-12-18',9,199.67,'2017-12-23 20:47:55','2017-12-23 20:47:55',NULL,NULL),(3,110,2,'2018-02-08',11,229.33,'2017-12-23 20:47:55','2017-12-23 20:47:55',NULL,NULL),(3,110,2,'2018-11-12',3,327.00,'2017-12-23 20:47:55','2017-12-23 20:47:55',NULL,NULL),(1,201,3,'2015-05-18',10,189.00,'2017-12-23 20:47:55','2017-12-23 20:47:55',NULL,NULL),(1,201,3,'2015-07-09',1,218.67,'2017-12-23 20:47:55','2017-12-23 20:47:55',NULL,NULL),(1,201,3,'2015-09-09',9,72.33,'2017-12-23 20:47:55','2017-12-23 20:47:55',NULL,NULL),(1,201,3,'2015-10-15',3,278.67,'2017-12-23 20:47:55','2017-12-23 20:47:55',NULL,NULL),(1,201,3,'2016-03-17',4,208.33,'2017-12-23 20:47:55','2017-12-23 20:47:55',NULL,NULL),(1,201,3,'2016-11-30',12,102.00,'2017-12-23 20:47:55','2017-12-23 20:47:55',NULL,NULL),(1,201,3,'2017-06-06',5,52.33,'2017-12-23 20:47:55','2017-12-23 20:47:55',NULL,NULL),(1,201,3,'2017-08-09',3,92.00,'2017-12-23 20:47:55','2017-12-23 20:47:55',NULL,NULL),(1,201,3,'2018-04-03',1,32.00,'2017-12-23 20:47:55','2017-12-23 20:47:55',NULL,NULL),(1,201,3,'2018-07-21',2,209.33,'2017-12-23 20:47:55','2017-12-23 20:47:55',NULL,NULL),(2,201,3,'2015-01-24',10,298.33,'2017-12-23 20:47:55','2017-12-23 20:47:55',NULL,NULL),(2,201,3,'2015-02-25',8,4.33,'2017-12-23 20:47:55','2017-12-23 20:47:55',NULL,NULL),(2,201,3,'2015-12-06',5,308.33,'2017-12-23 20:47:55','2017-12-23 20:47:55',NULL,NULL),(2,201,3,'2017-10-18',10,111.67,'2017-12-23 20:47:55','2017-12-23 20:47:55',NULL,NULL),(2,201,3,'2017-12-15',9,259.33,'2017-12-23 20:47:55','2017-12-23 20:47:55',NULL,NULL),(2,201,3,'2018-12-09',1,141.00,'2017-12-23 20:47:55','2017-12-23 20:47:55',NULL,NULL),(3,201,3,'2015-06-18',5,14.67,'2017-12-23 20:47:55','2017-12-23 20:47:55',NULL,NULL),(3,201,3,'2015-07-21',3,54.33,'2017-12-23 20:47:55','2017-12-23 20:47:55',NULL,NULL),(3,201,3,'2015-08-09',8,44.33,'2017-12-23 20:47:55','2017-12-23 20:47:55',NULL,NULL),(3,201,3,'2016-03-15',1,328.00,'2017-12-23 20:47:55','2017-12-23 20:47:55',NULL,NULL),(3,201,3,'2016-05-06',4,24.00,'2017-12-23 20:47:55','2017-12-23 20:47:55',NULL,NULL),(3,201,3,'2016-06-03',2,171.67,'2017-12-23 20:47:55','2017-12-23 20:47:55',NULL,NULL),(3,201,3,'2017-02-08',7,121.67,'2017-12-23 20:47:55','2017-12-23 20:47:55',NULL,NULL),(3,201,3,'2017-04-30',10,151.33,'2017-12-23 20:47:55','2017-12-23 20:47:55',NULL,NULL),(3,201,3,'2017-05-03',8,191.00,'2017-12-23 20:47:55','2017-12-23 20:47:55',NULL,NULL),(3,201,3,'2018-02-28',4,170.67,'2017-12-23 20:47:55','2017-12-23 20:47:55',NULL,NULL),(3,201,3,'2018-04-27',2,318.67,'2017-12-23 20:47:55','2017-12-23 20:47:55',NULL,NULL),(1,202,3,'2015-01-15',11,132.33,'2017-12-23 20:47:55','2017-12-23 20:47:55',NULL,NULL),(1,202,3,'2015-03-06',1,162.00,'2017-12-23 20:47:55','2017-12-23 20:47:55',NULL,NULL),(1,202,3,'2016-03-21',11,319.33,'2017-12-23 20:47:55','2017-12-23 20:47:55',NULL,NULL),(1,202,3,'2017-02-14',5,113.00,'2017-12-23 20:47:55','2017-12-23 20:47:55',NULL,NULL),(1,202,3,'2017-11-27',4,269.33,'2017-12-23 20:47:55','2017-12-23 20:47:55',NULL,NULL),(1,202,3,'2017-12-24',2,83.33,'2017-12-23 20:47:55','2017-12-23 20:47:55',NULL,NULL),(2,202,3,'2016-10-07',8,65.00,'2017-12-23 20:47:55','2017-12-23 20:47:55',NULL,NULL),(2,202,3,'2017-07-03',4,45.00,'2017-12-23 20:47:55','2017-12-23 20:47:55',NULL,NULL),(2,202,3,'2018-05-30',12,24.67,'2017-12-23 20:47:55','2017-12-23 20:47:55',NULL,NULL),(3,202,3,'2015-12-01',6,261.33,'2017-12-23 20:47:55','2017-12-23 20:47:55',NULL,NULL),(3,202,3,'2016-08-06',12,211.33,'2017-12-23 20:47:55','2017-12-23 20:47:55',NULL,NULL),(3,202,3,'2016-11-25',1,55.00,'2017-12-23 20:47:55','2017-12-23 20:47:55',NULL,NULL),(3,202,3,'2017-02-18',1,124.33,'2017-12-23 20:47:55','2017-12-23 20:47:55',NULL,NULL),(3,202,3,'2017-06-30',6,5.33,'2017-12-23 20:47:55','2017-12-23 20:47:55',NULL,NULL),(3,202,3,'2017-08-21',9,35.00,'2017-12-23 20:47:55','2017-12-23 20:47:55',NULL,NULL),(3,202,3,'2017-11-22',5,222.33,'2017-12-23 20:47:55','2017-12-23 20:47:55',NULL,NULL),(3,202,3,'2018-01-13',8,252.00,'2017-12-23 20:47:55','2017-12-23 20:47:55',NULL,NULL),(3,202,3,'2018-09-25',7,74.67,'2017-12-23 20:47:55','2017-12-23 20:47:55',NULL,NULL),(1,203,3,'2015-05-07',10,16.00,'2017-12-23 20:47:55','2017-12-23 20:47:55',NULL,NULL),(1,203,3,'2017-04-16',1,300.33,'2017-12-23 20:47:55','2017-12-23 20:47:55',NULL,NULL),(1,203,3,'2017-08-13',9,202.67,'2017-12-23 20:47:55','2017-12-23 20:47:55',NULL,NULL),(1,203,3,'2018-05-10',5,182.33,'2017-12-23 20:47:55','2017-12-23 20:47:55',NULL,NULL),(1,203,3,'2018-06-07',4,330.00,'2017-12-23 20:47:55','2017-12-23 20:47:55',NULL,NULL),(2,203,3,'2015-02-07',10,233.33,'2017-12-23 20:47:55','2017-12-23 20:47:55',NULL,NULL),(2,203,3,'2015-06-25',2,6.00,'2017-12-23 20:47:55','2017-12-23 20:47:55',NULL,NULL),(2,203,3,'2015-09-13',3,183.33,'2017-12-23 20:47:55','2017-12-23 20:47:55',NULL,NULL),(2,203,3,'2016-02-26',7,282.33,'2017-12-23 20:47:55','2017-12-23 20:47:55',NULL,NULL),(2,203,3,'2016-07-10',11,163.00,'2017-12-23 20:47:55','2017-12-23 20:47:55',NULL,NULL),(2,203,3,'2016-08-16',5,35.67,'2017-12-23 20:47:55','2017-12-23 20:47:55',NULL,NULL),(2,203,3,'2016-12-07',4,252.67,'2017-12-23 20:47:55','2017-12-23 20:47:55',NULL,NULL),(2,203,3,'2017-01-22',1,76.00,'2017-12-23 20:47:55','2017-12-23 20:47:55',NULL,NULL),(2,203,3,'2017-09-01',2,192.67,'2017-12-23 20:47:55','2017-12-23 20:47:55',NULL,NULL),(2,203,3,'2017-10-04',12,232.33,'2017-12-23 20:47:55','2017-12-23 20:47:55',NULL,NULL),(2,203,3,'2018-07-01',8,212.00,'2017-12-23 20:47:55','2017-12-23 20:47:55',NULL,NULL),(2,203,3,'2018-12-25',3,262.00,'2017-12-23 20:47:55','2017-12-23 20:47:55',NULL,NULL),(3,203,3,'2015-11-07',2,45.67,'2017-12-23 20:47:55','2017-12-23 20:47:55',NULL,NULL),(3,203,3,'2015-12-10',12,85.33,'2017-12-23 20:47:55','2017-12-23 20:47:55',NULL,NULL),(3,203,3,'2016-01-25',9,242.67,'2017-12-23 20:47:55','2017-12-23 20:47:55',NULL,NULL),(3,203,3,'2016-05-22',5,144.67,'2017-12-23 20:47:55','2017-12-23 20:47:55',NULL,NULL),(3,203,3,'2017-03-16',12,272.33,'2017-12-23 20:47:55','2017-12-23 20:47:55',NULL,NULL),(3,203,3,'2017-04-19',9,312.00,'2017-12-23 20:47:55','2017-12-23 20:47:55',NULL,NULL),(3,203,3,'2018-03-13',4,105.67,'2017-12-23 20:47:55','2017-12-23 20:47:55',NULL,NULL),(3,203,3,'2018-04-01',9,95.67,'2017-12-23 20:47:55','2017-12-23 20:47:55',NULL,NULL),(1,204,3,'2015-01-16',9,76.67,'2017-12-23 20:47:55','2017-12-23 20:47:55',NULL,NULL),(1,204,3,'2015-08-25',11,193.33,'2017-12-23 20:47:55','2017-12-23 20:47:55',NULL,NULL),(1,204,3,'2015-10-22',9,7.33,'2017-12-23 20:47:55','2017-12-23 20:47:55',NULL,NULL),(1,204,3,'2015-12-13',12,37.00,'2017-12-23 20:47:55','2017-12-23 20:47:55',NULL,NULL),(1,204,3,'2016-07-19',5,320.67,'2017-12-23 20:47:55','2017-12-23 20:47:55',NULL,NULL),(1,204,3,'2016-09-10',8,16.67,'2017-12-23 20:47:55','2017-12-23 20:47:55',NULL,NULL),(1,204,3,'2017-09-07',12,184.00,'2017-12-23 20:47:55','2017-12-23 20:47:55',NULL,NULL),(1,204,3,'2018-02-15',3,57.33,'2017-12-23 20:47:55','2017-12-23 20:47:55',NULL,NULL),(1,204,3,'2018-08-10',2,36.00,'2017-12-23 20:47:55','2017-12-23 20:47:55',NULL,NULL),(2,204,3,'2015-06-28',9,116.67,'2017-12-23 20:47:55','2017-12-23 20:47:55',NULL,NULL),(2,204,3,'2016-03-07',12,106.33,'2017-12-23 20:47:55','2017-12-23 20:47:55',NULL,NULL),(2,204,3,'2016-05-28',3,136.00,'2017-12-23 20:47:55','2017-12-23 20:47:55',NULL,NULL),(2,204,3,'2017-04-10',2,253.33,'2017-12-23 20:47:55','2017-12-23 20:47:55',NULL,NULL),(2,204,3,'2017-11-01',10,46.33,'2017-12-23 20:47:55','2017-12-23 20:47:55',NULL,NULL),(2,204,3,'2018-01-19',5,243.33,'2017-12-23 20:47:55','2017-12-23 20:47:55',NULL,NULL),(2,204,3,'2018-05-13',12,293.00,'2017-12-23 20:47:55','2017-12-23 20:47:55',NULL,NULL),(2,204,3,'2018-12-16',7,203.67,'2017-12-23 20:47:55','2017-12-23 20:47:55',NULL,NULL),(3,204,3,'2015-05-01',11,302.67,'2017-12-23 20:47:55','2017-12-23 20:47:55',NULL,NULL),(3,204,3,'2015-08-19',12,146.33,'2017-12-23 20:47:55','2017-12-23 20:47:55',NULL,NULL),(3,204,3,'2015-09-26',5,18.67,'2017-12-23 20:47:55','2017-12-23 20:47:55',NULL,NULL),(3,204,3,'2016-07-22',1,332.33,'2017-12-23 20:47:55','2017-12-23 20:47:55',NULL,NULL),(3,204,3,'2016-09-13',4,28.33,'2017-12-23 20:47:55','2017-12-23 20:47:55',NULL,NULL),(3,204,3,'2016-10-11',2,176.00,'2017-12-23 20:47:55','2017-12-23 20:47:55',NULL,NULL),(3,204,3,'2017-08-07',10,155.67,'2017-12-23 20:47:55','2017-12-23 20:47:55',NULL,NULL),(3,204,3,'2017-11-26',11,333.00,'2017-12-23 20:47:55','2017-12-23 20:47:55',NULL,NULL),(3,204,3,'2018-08-22',7,312.67,'2017-12-23 20:47:55','2017-12-23 20:47:55',NULL,NULL),(1,205,3,'2015-02-13',8,224.33,'2017-12-23 20:47:55','2017-12-23 20:47:55',NULL,NULL),(1,205,3,'2015-03-17',5,264.00,'2017-12-23 20:47:55','2017-12-23 20:47:55',NULL,NULL),(1,205,3,'2015-11-25',7,47.00,'2017-12-23 20:47:55','2017-12-23 20:47:55',NULL,NULL),(1,205,3,'2016-04-04',10,254.00,'2017-12-23 20:47:55','2017-12-23 20:47:55',NULL,NULL),(1,205,3,'2016-05-08',8,293.67,'2017-12-23 20:47:55','2017-12-23 20:47:55',NULL,NULL),(1,205,3,'2016-11-10',4,204.33,'2017-12-23 20:47:55','2017-12-23 20:47:55',NULL,NULL),(1,205,3,'2017-04-02',3,87.67,'2017-12-23 20:47:55','2017-12-23 20:47:55',NULL,NULL),(1,205,3,'2018-01-12',25,22.35,'2018-01-30 20:22:40','2018-01-30 20:22:40',NULL,NULL),(1,205,3,'2018-01-28',11,67.33,'2017-12-23 20:47:55','2017-12-23 20:47:55',NULL,NULL),(2,205,3,'2016-06-26',1,283.67,'2017-12-23 20:47:55','2017-12-23 20:47:55',NULL,NULL),(2,205,3,'2016-09-14',2,127.67,'2017-12-23 20:47:55','2017-12-23 20:47:55',NULL,NULL),(2,205,3,'2017-07-11',10,107.33,'2017-12-23 20:47:55','2017-12-23 20:47:55',NULL,NULL),(2,205,3,'2018-08-14',8,147.00,'2017-12-23 20:47:55','2017-12-23 20:47:55',NULL,NULL),(2,205,3,'2018-10-05',11,176.67,'2017-12-23 20:47:55','2017-12-23 20:47:55',NULL,NULL),(3,205,3,'2015-01-14',6,196.33,'2017-12-23 20:47:55','2017-12-23 20:47:55',NULL,NULL),(3,205,3,'2015-04-02',7,40.00,'2017-12-23 20:47:55','2017-12-23 20:47:55',NULL,NULL),(3,205,3,'2016-01-11',10,29.67,'2017-12-23 20:47:55','2017-12-23 20:47:55',NULL,NULL),(3,205,3,'2016-03-02',1,59.33,'2017-12-23 20:47:55','2017-12-23 20:47:55',NULL,NULL),(3,205,3,'2017-01-26',7,187.00,'2017-12-23 20:47:55','2017-12-23 20:47:55',NULL,NULL),(3,205,3,'2017-06-20',2,236.67,'2017-12-23 20:47:55','2017-12-23 20:47:55',NULL,NULL),(3,205,3,'2017-10-08',6,9.33,'2017-12-23 20:47:55','2017-12-23 20:47:55',NULL,NULL),(3,205,3,'2018-04-20',8,256.33,'2017-12-23 20:47:55','2017-12-23 20:47:55',NULL,NULL),(3,205,3,'2018-11-23',3,166.67,'2017-12-23 20:47:55','2017-12-23 20:47:55',NULL,NULL),(5,205,3,'2018-01-01',23,500.00,'2018-01-31 12:47:03','2018-01-31 10:47:17',NULL,NULL),(1,206,3,'2016-06-05',6,108.00,'2017-12-23 20:47:55','2017-12-23 20:47:55',NULL,NULL),(1,206,3,'2016-10-23',7,285.33,'2017-12-23 20:47:55','2017-12-23 20:47:55',NULL,NULL),(1,206,3,'2017-07-20',3,265.00,'2017-12-23 20:47:55','2017-12-23 20:47:55',NULL,NULL),(1,206,3,'2017-08-23',1,304.67,'2017-12-23 20:47:55','2017-12-23 20:47:55',NULL,NULL),(1,206,3,'2018-10-14',4,0.67,'2017-12-23 20:47:55','2017-12-23 20:47:55',NULL,NULL),(2,206,3,'2015-01-20',4,187.67,'2017-12-23 20:47:55','2017-12-23 20:47:55',NULL,NULL),(2,206,3,'2015-02-24',9,60.00,'2017-12-23 20:47:55','2017-12-23 20:47:55',NULL,NULL),(2,206,3,'2015-05-14',10,237.33,'2017-12-23 20:47:55','2017-12-23 20:47:55',NULL,NULL),(2,206,3,'2015-10-02',3,10.00,'2017-12-23 20:47:55','2017-12-23 20:47:55',NULL,NULL),(2,206,3,'2016-02-08',9,177.33,'2017-12-23 20:47:55','2017-12-23 20:47:55',NULL,NULL),(2,206,3,'2016-06-29',7,61.00,'2017-12-23 20:47:55','2017-12-23 20:47:55',NULL,NULL),(2,206,3,'2017-02-05',1,11.00,'2017-12-23 20:47:55','2017-12-23 20:47:55',NULL,NULL),(2,206,3,'2017-04-26',4,40.67,'2017-12-23 20:47:55','2017-12-23 20:47:55',NULL,NULL),(2,206,3,'2017-10-17',12,167.33,'2017-12-23 20:47:55','2017-12-23 20:47:55',NULL,NULL),(3,206,3,'2015-08-05',1,267.00,'2017-12-23 20:47:55','2017-12-23 20:47:55',NULL,NULL),(3,206,3,'2015-08-23',6,257.00,'2017-12-23 20:47:55','2017-12-23 20:47:55',NULL,NULL),(3,206,3,'2016-05-02',9,246.67,'2017-12-23 20:47:55','2017-12-23 20:47:55',NULL,NULL),(3,206,3,'2016-08-20',10,90.67,'2017-12-23 20:47:55','2017-12-23 20:47:55',NULL,NULL),(3,206,3,'2017-07-23',12,276.33,'2017-12-23 20:47:55','2017-12-23 20:47:55',NULL,NULL),(3,206,3,'2017-10-12',1,120.33,'2017-12-23 20:47:55','2017-12-23 20:47:55',NULL,NULL),(3,206,3,'2018-06-17',6,70.33,'2017-12-23 20:47:55','2017-12-23 20:47:55',NULL,NULL),(3,206,3,'2018-08-08',9,100.00,'2017-12-23 20:47:55','2017-12-23 20:47:55',NULL,NULL),(1,207,3,'2015-02-16',2,1.67,'2017-12-23 20:47:55','2017-12-23 20:47:55',NULL,NULL),(1,207,3,'2015-03-20',12,41.33,'2017-12-23 20:47:55','2017-12-23 20:47:55',NULL,NULL),(1,207,3,'2016-01-17',8,21.00,'2017-12-23 20:47:55','2017-12-23 20:47:55',NULL,NULL),(1,207,3,'2016-02-13',6,168.67,'2017-12-23 20:47:55','2017-12-23 20:47:55',NULL,NULL),(1,207,3,'2016-11-26',5,325.00,'2017-12-23 20:47:55','2017-12-23 20:47:55',NULL,NULL),(1,207,3,'2017-04-05',9,198.33,'2017-12-23 20:47:55','2017-12-23 20:47:55',NULL,NULL),(1,207,3,'2017-05-09',7,238.00,'2017-12-23 20:47:55','2017-12-23 20:47:55',NULL,NULL),(1,207,3,'2017-11-11',2,148.33,'2017-12-23 20:47:55','2017-12-23 20:47:55',NULL,NULL),(1,207,3,'2018-03-05',3,217.67,'2017-12-23 20:47:55','2017-12-23 20:47:55',NULL,NULL),(2,207,3,'2015-08-15',7,91.33,'2017-12-23 20:47:55','2017-12-23 20:47:55',NULL,NULL),(2,207,3,'2015-09-03',11,81.33,'2017-12-23 20:47:55','2017-12-23 20:47:55',NULL,NULL),(2,207,3,'2016-05-11',3,71.00,'2017-12-23 20:47:55','2017-12-23 20:47:55',NULL,NULL),(2,207,3,'2017-06-27',12,228.00,'2017-12-23 20:47:55','2017-12-23 20:47:55',NULL,NULL),(2,207,3,'2017-07-30',10,267.67,'2017-12-23 20:47:55','2017-12-23 20:47:55',NULL,NULL),(2,207,3,'2018-08-18',2,257.67,'2017-12-23 20:47:55','2017-12-23 20:47:55',NULL,NULL),(3,207,3,'2016-01-15',5,140.67,'2017-12-23 20:47:55','2017-12-23 20:47:55',NULL,NULL),(3,207,3,'2017-03-03',12,3.67,'2017-12-23 20:47:55','2017-12-23 20:47:55',NULL,NULL),(3,207,3,'2018-01-27',6,131.00,'2017-12-23 20:47:55','2017-12-23 20:47:55',NULL,NULL),(3,207,3,'2018-10-09',5,287.33,'2017-12-23 20:47:55','2017-12-23 20:47:55',NULL,NULL),(2,400,3,'2018-02-01',6,20.73,'2018-02-01 19:28:18','2018-02-01 19:28:18',NULL,NULL),(1,501,5,'2018-03-06',8,0.00,'2018-03-16 18:04:25','2018-03-16 18:04:25',NULL,NULL),(3,501,5,'2018-03-05',11,0.00,'2018-03-15 14:05:45','2018-03-15 14:05:45',NULL,NULL),(3,60001,6,'2018-03-06',12,123.00,'2018-03-15 15:56:32','2018-03-15 15:56:32',NULL,NULL);
/*!40000 ALTER TABLE `horas_projetos_funcionarios` ENABLE KEYS */;
UNLOCK TABLES;

--
-- Table structure for table `migrations`
--

DROP TABLE IF EXISTS `migrations`;
/*!40101 SET @saved_cs_client     = @@character_set_client */;
/*!40101 SET character_set_client = utf8 */;
CREATE TABLE `migrations` (
  `id` int(10) unsigned NOT NULL AUTO_INCREMENT,
  `migration` varchar(255) COLLATE utf8mb4_unicode_ci NOT NULL,
  `batch` int(11) NOT NULL,
  PRIMARY KEY (`id`)
) ENGINE=InnoDB AUTO_INCREMENT=7 DEFAULT CHARSET=utf8mb4 COLLATE=utf8mb4_unicode_ci;
/*!40101 SET character_set_client = @saved_cs_client */;

--
-- Dumping data for table `migrations`
--

LOCK TABLES `migrations` WRITE;
/*!40000 ALTER TABLE `migrations` DISABLE KEYS */;
INSERT INTO `migrations` VALUES (1,'2017_12_06_214650_create_grupos_table',1),(2,'2014_10_12_000000_create_users_table',2),(3,'2014_10_12_100000_create_password_resets_table',2),(4,'2017_12_06_120308_create_projetos_table',2),(5,'2017_12_06_120739_create_projeto_funcionario_table',3),(6,'2017_12_06_121942_create_horas_projetos_funcionarios_table',3);
/*!40000 ALTER TABLE `migrations` ENABLE KEYS */;
UNLOCK TABLES;

--
-- Table structure for table `password_resets`
--

DROP TABLE IF EXISTS `password_resets`;
/*!40101 SET @saved_cs_client     = @@character_set_client */;
/*!40101 SET character_set_client = utf8 */;
CREATE TABLE `password_resets` (
  `email` varchar(150) COLLATE utf8mb4_unicode_ci NOT NULL,
  `token` varchar(255) COLLATE utf8mb4_unicode_ci NOT NULL,
  `created_at` timestamp NULL DEFAULT NULL,
  KEY `password_resets_email_index` (`email`)
) ENGINE=InnoDB DEFAULT CHARSET=utf8mb4 COLLATE=utf8mb4_unicode_ci;
/*!40101 SET character_set_client = @saved_cs_client */;

--
-- Dumping data for table `password_resets`
--

LOCK TABLES `password_resets` WRITE;
/*!40000 ALTER TABLE `password_resets` DISABLE KEYS */;
INSERT INTO `password_resets` VALUES ('gabriel_castr@outlook.com.br','$2y$10$nS8Qg.cT9/JBO9Vs2oOGv.lBSX.N17TMcVtwB.EzCQk1whinYCuhS','2018-03-21 19:15:58');
/*!40000 ALTER TABLE `password_resets` ENABLE KEYS */;
UNLOCK TABLES;

--
-- Table structure for table `projetos`
--

DROP TABLE IF EXISTS `projetos`;
/*!40101 SET @saved_cs_client     = @@character_set_client */;
/*!40101 SET character_set_client = utf8 */;
CREATE TABLE `projetos` (
  `id_projeto` int(10) unsigned NOT NULL,
  `id_grupo` int(10) unsigned NOT NULL,
  `tx_projeto` varchar(255) COLLATE utf8mb4_unicode_ci DEFAULT NULL,
  `id_empresa` int(11) NOT NULL,
  `created_at` timestamp NOT NULL DEFAULT CURRENT_TIMESTAMP,
  `updated_at` timestamp NOT NULL DEFAULT CURRENT_TIMESTAMP ON UPDATE CURRENT_TIMESTAMP,
  `cs_situacao` char(1) COLLATE utf8mb4_unicode_ci DEFAULT NULL COMMENT '1 Ativo, 0 Desativado.',
  `cs_status` int(11) DEFAULT NULL COMMENT '0 - Investimento, 1 - Contratos, 2 - Favor',
  PRIMARY KEY (`id_projeto`,`id_grupo`),
  KEY `projetos_id_grupo_foreign` (`id_grupo`),
  KEY `FK_PROJETOS_ID_EMPRESA` (`id_empresa`) USING BTREE,
  CONSTRAINT `FK_PROJETOS_ID_EMPRESA` FOREIGN KEY (`id_empresa`) REFERENCES `empresas` (`id_empresa`),
  CONSTRAINT `projetos_id_grupo_foreign` FOREIGN KEY (`id_grupo`) REFERENCES `grupos` (`id_grupo`)
) ENGINE=InnoDB DEFAULT CHARSET=utf8mb4 COLLATE=utf8mb4_unicode_ci;
/*!40101 SET character_set_client = @saved_cs_client */;

--
-- Dumping data for table `projetos`
--

LOCK TABLES `projetos` WRITE;
/*!40000 ALTER TABLE `projetos` DISABLE KEYS */;
INSERT INTO `projetos` VALUES (1,1,'HIAE MORUMBI CENTRAL DE RESÍDUOS',1,'2017-12-18 19:36:07','2018-03-23 20:10:24','1',NULL),(2,1,'HIAE PERDIZES C.M.E.',2,'2017-12-18 19:36:07','2018-03-23 20:10:24','1',NULL),(3,1,'HIAE PERDIZES DESINFECÇÃO',2,'2017-12-18 19:36:07','2018-03-23 20:10:24','1',NULL),(4,1,'HIAE FCO MORATO SUBESTAÇÃO',2,'2017-12-18 19:36:07','2018-03-23 20:10:24','1',NULL),(5,1,'HIAE REV LAB NTO NOVA UNIDADE',2,'2017-12-18 19:36:07','2018-03-23 20:10:24','1',NULL),(6,1,'HIAE H V STA CATA GUARITA',2,'2017-12-18 19:36:07','2018-03-23 20:10:24','1',NULL),(7,1,'HIAE ALPHAVILLE CENTRO CIRÚRGICO',2,'2017-12-18 19:36:07','2018-03-23 20:10:24','1',NULL),(8,1,'REDE D`OR H ASSUMÇÃO PRÉDIO ADM',2,'2017-12-18 19:36:07','2018-03-23 20:10:24','1',NULL),(9,1,'REDE D`OR H MAT BRASIL',2,'2017-12-18 19:36:07','2018-03-23 20:10:24','1',NULL),(10,1,'REDE D`OR H SINO BRAS AMPLIAÇÃO',2,'2017-12-18 19:36:07','2018-03-23 20:10:24','1',NULL),(11,1,'STA CATARINA INTERNAÇÃO',2,'2017-12-18 19:36:07','2018-03-23 20:10:24','1',NULL),(12,1,'STA CATARINA ESPECIFICAÇÕES',2,'2017-12-18 19:36:07','2018-03-23 20:10:24','1',NULL),(13,1,'NIPO BRAS CENTRO CIRÚRGICO',2,'2017-12-18 19:36:07','2018-03-23 20:10:24','1',NULL),(14,1,'H SÍRIO LIB BRASÍLIA NOVO HOSPITAL',2,'2017-12-18 19:36:07','2018-03-23 20:10:24','1',NULL),(15,1,'PIA GRAFICA REG. AMBIENTAL',2,'2017-12-18 19:36:07','2018-03-23 20:10:24','1',NULL),(16,1,'RAF TRS IPIRANGA NV HOSPITAL',2,'2017-12-18 19:36:07','2018-03-23 20:10:24','1',NULL),(17,1,'H MORIAH REVISÃO PRED ADM',2,'2017-12-18 19:36:07','2018-03-23 20:10:24','1',NULL),(19,1,'HIAE CLINICA GERAL DE EMERGENCIA',9,'2018-01-31 13:05:00','2018-03-23 20:10:24','1',NULL),(58,1,'DEMOLIÇÂO C.A.G',9,'2018-01-05 12:18:18','2018-03-23 20:10:24','1',NULL),(101,2,'BIC BARBEADOR UNIDADE 4',1,'2017-12-23 20:47:42','2018-03-23 20:10:24','1',NULL),(102,2,'BIC EVOLUTION UNIDADE 3',1,'2017-12-23 20:47:42','2018-03-23 20:10:24','1',NULL),(103,2,'BIC NOVO TERRENO',1,'2017-12-18 19:36:29','2018-03-23 20:10:24','1',NULL),(104,2,'BIC ACESSIBILIDADE',1,'2017-12-18 19:36:29','2018-03-23 20:10:24','1',NULL),(105,2,'BIC DELRIN',1,'2017-12-18 19:36:29','2018-03-23 20:10:24','1',NULL),(106,2,'BIC GALPÃO C3 MUD LAY-OUT',1,'2017-12-18 19:36:29','2018-03-23 20:10:24','1',NULL),(107,2,'BIC INTERN PAPER ENTR ENERGIA',1,'2017-12-18 19:36:29','2018-03-23 20:10:24','1',NULL),(108,2,'BIC FOTOVOLTÁICO 41 KVA',1,'2017-12-18 19:36:29','2018-03-23 20:10:24','1',NULL),(109,2,'HDA NV FUNDIÇÃO',1,'2017-12-18 19:36:29','2018-03-23 20:10:24','1',NULL),(110,2,'HDB HRB-SUMARÉ',1,'2017-12-18 19:36:29','2018-03-23 20:10:24','1',NULL),(201,3,'ADM CENTRAL MATRIZ',3,'2017-12-18 19:36:40','2018-03-23 21:10:06','1',NULL),(202,3,'ADM FILIAL MANAUS',3,'2017-12-18 19:36:40','2018-03-23 21:10:07','1',NULL),(203,3,'INVESTIMENTO COMERCIAL & VENDAS',3,'2017-12-18 19:36:40','2018-03-23 20:10:24','1',NULL),(204,3,'PARTICULAR DIRETORIA',3,'2017-12-18 19:36:40','2018-03-23 20:10:24','1',NULL),(205,3,'PARTICULAR ADMIN',3,'2017-12-18 19:36:40','2018-03-23 20:10:24','1',NULL),(206,3,'PARTICULAR PRODUÇÃO',3,'2017-12-18 19:36:40','2018-03-23 20:10:24','1',NULL),(207,3,'OUTROS...',3,'2017-12-18 19:36:40','2018-03-23 20:10:24','1',NULL),(400,3,'LOGIN POLI',4,'2017-12-23 20:47:42','2018-03-23 20:10:24','1',NULL),(501,5,'HDA3',3,'2018-03-15 11:03:01','2018-03-23 20:10:24','1',NULL),(60001,6,'ADM 001',4,'2018-03-15 12:56:07','2018-04-23 14:34:59','1',1);
/*!40000 ALTER TABLE `projetos` ENABLE KEYS */;
UNLOCK TABLES;

--
-- Table structure for table `projetos_funcionarios`
--

DROP TABLE IF EXISTS `projetos_funcionarios`;
/*!40101 SET @saved_cs_client     = @@character_set_client */;
/*!40101 SET character_set_client = utf8 */;
CREATE TABLE `projetos_funcionarios` (
  `id_funcionario` int(10) unsigned NOT NULL,
  `id_projeto` int(10) unsigned NOT NULL,
  `id_grupo` int(10) unsigned NOT NULL,
  `cs_situacao` char(1) COLLATE utf8mb4_unicode_ci DEFAULT NULL,
  `created_at` timestamp NOT NULL DEFAULT CURRENT_TIMESTAMP,
  `updated_at` timestamp NOT NULL DEFAULT CURRENT_TIMESTAMP ON UPDATE CURRENT_TIMESTAMP,
  PRIMARY KEY (`id_funcionario`,`id_projeto`,`id_grupo`),
  KEY `projetos_funcionarios_id_projeto_id_grupo_foreign` (`id_projeto`,`id_grupo`),
  CONSTRAINT `projetos_funcionarios_id_funcionario_foreign` FOREIGN KEY (`id_funcionario`) REFERENCES `users` (`id_usuario`),
  CONSTRAINT `projetos_funcionarios_id_projeto_id_grupo_foreign` FOREIGN KEY (`id_projeto`, `id_grupo`) REFERENCES `projetos` (`id_projeto`, `id_grupo`)
) ENGINE=InnoDB DEFAULT CHARSET=utf8mb4 COLLATE=utf8mb4_unicode_ci;
/*!40101 SET character_set_client = @saved_cs_client */;

--
-- Dumping data for table `projetos_funcionarios`
--

LOCK TABLES `projetos_funcionarios` WRITE;
/*!40000 ALTER TABLE `projetos_funcionarios` DISABLE KEYS */;
INSERT INTO `projetos_funcionarios` VALUES (1,1,1,'1','2018-02-02 14:56:49','2018-02-02 14:56:49'),(1,2,1,'1','2017-12-23 21:46:53','2017-12-23 21:47:32'),(1,58,1,'1','2018-02-02 16:07:53','2018-02-02 16:07:53'),(1,101,2,'1','2017-12-23 20:47:32','2017-12-23 20:47:32'),(1,102,2,'1','2017-12-23 20:47:32','2017-12-23 20:47:32'),(1,104,2,'1','2017-12-22 22:14:37','2017-12-22 22:16:26'),(1,105,2,'1','2018-02-02 14:56:57','2018-02-02 14:56:57'),(1,106,2,'1','2018-02-02 16:03:26','2018-02-02 16:03:26'),(1,205,3,'1','2018-01-30 20:22:40','2018-02-01 18:31:33'),(1,501,5,'1','2018-03-16 18:04:25','2018-03-16 18:04:25'),(2,1,1,'1','2018-02-21 13:53:39','2018-02-21 13:53:39'),(2,3,1,'1','2018-02-21 13:42:23','2018-02-21 13:42:23'),(2,102,2,'1','2018-01-08 12:39:34','2018-01-08 12:39:53'),(2,202,3,'1','2018-04-12 18:18:06','2018-04-12 18:18:06'),(2,400,3,'1','2018-02-01 19:28:18','2018-02-01 19:28:18'),(3,1,1,'1','2018-03-15 15:10:04','2018-03-15 15:10:04'),(3,4,1,'1','2018-01-30 20:10:49','2018-01-30 20:10:49'),(3,5,1,'1','2018-03-15 15:14:40','2018-03-15 15:14:40'),(3,6,1,'1','2018-03-15 14:55:47','2018-03-15 14:55:47'),(3,15,1,'1','2018-03-15 14:56:01','2018-03-15 14:56:01'),(3,101,2,'1','2018-01-30 03:55:19','2018-01-30 03:55:19'),(3,102,2,'1','2018-01-30 03:55:27','2018-01-30 03:55:27'),(3,501,5,'1','2018-03-15 14:05:45','2018-03-15 14:05:45'),(3,60001,6,'1','2018-03-15 15:56:32','2018-03-15 15:56:32'),(5,205,3,'1','2018-01-31 12:47:03','2018-01-31 12:47:03'),(5,400,3,'1','2018-02-22 15:36:56','2018-02-22 15:36:56');
/*!40000 ALTER TABLE `projetos_funcionarios` ENABLE KEYS */;
UNLOCK TABLES;

--
-- Table structure for table `users`
--

DROP TABLE IF EXISTS `users`;
/*!40101 SET @saved_cs_client     = @@character_set_client */;
/*!40101 SET character_set_client = utf8 */;
CREATE TABLE `users` (
  `id_usuario` int(10) unsigned NOT NULL AUTO_INCREMENT,
  `tx_name` varchar(255) COLLATE utf8mb4_unicode_ci NOT NULL,
  `tx_email` varchar(150) COLLATE utf8mb4_unicode_ci NOT NULL,
  `dt_admissao` varchar(10) COLLATE utf8mb4_unicode_ci DEFAULT NULL,
  `tx_password` varchar(255) COLLATE utf8mb4_unicode_ci NOT NULL,
  `nb_category_user` int(11) DEFAULT NULL,
  `remember_token` varchar(100) COLLATE utf8mb4_unicode_ci DEFAULT NULL,
  `created_at` timestamp NOT NULL DEFAULT CURRENT_TIMESTAMP,
  `updated_at` timestamp NOT NULL DEFAULT CURRENT_TIMESTAMP ON UPDATE CURRENT_TIMESTAMP,
  `tx_funcao` varchar(100) COLLATE utf8mb4_unicode_ci DEFAULT NULL,
  `nb_nota` double DEFAULT NULL,
  PRIMARY KEY (`id_usuario`),
  UNIQUE KEY `users_tx_email_unique` (`tx_email`)
) ENGINE=InnoDB AUTO_INCREMENT=6 DEFAULT CHARSET=utf8mb4 COLLATE=utf8mb4_unicode_ci;
/*!40101 SET character_set_client = @saved_cs_client */;

--
-- Dumping data for table `users`
--

LOCK TABLES `users` WRITE;
/*!40000 ALTER TABLE `users` DISABLE KEYS */;
INSERT INTO `users` VALUES (1,'JOÃO AVELLAN','javellan@outlook.jp','2018-03-18','$2y$10$oVnoE2lGz4kt5EO0J7EEAO/2yro8Oa8OojCwgRjQi4yTFaD/RdCUC',1,'QgLoK5tTOlaa4JwT3KG01Vkgvme27gsXg2un24GeFlIoMlvc5hJ0AZZh7IcB','2017-12-09 03:25:40','2018-04-23 14:55:45','Database Administrator',10),(2,'GABRIEL DE CASTRO','gabriel_castr@outlook.com.br','2018-03-18','$2y$10$U958ltlWFSPRntNYsH/4f.nA/rOK4GVSEzUxVvqhMSI5qVUS.yod.',0,'WiQ0xzKCBSgF6SJQJdi7KxdgE5SiEbP49pbc92fDtOEtiPL9qbQEefGkY305','2017-12-23 16:39:40','2018-04-23 14:55:23','Desenvolvedor',5),(3,'KAZUO MORI','kazuo@poli.com.br','2018-03-18','$2y$10$cpJci2yP6.ubILd6.ugaa.wWaIKdmF6tbD8i31EKj/n4bquaz3CbC',1,'Z6i0Ie3zDCldWiLBbcA0dhBqy21zwFvB4qnZyMsGMGoJA7ZLibavilR9PMcx','2017-12-23 16:39:40','2018-03-18 14:14:29',NULL,NULL),(4,'VINICIUS','vinicius@politecnica-eng.com.br','2018-03-18','$2y$10$oKb/ZrMDNDOGedWjGZ09gOs.RAUlfFkWf2t/vVkf.N8mKxXga71u2',1,'WfV4qEXYI8tpl6elMsg4wGZ8tf6gLeu2SM2PAu3qb1v6qMjyanY5omSzarWj','2017-12-23 16:39:40','2018-03-18 14:14:31',NULL,NULL),(5,'YAGO SABINO VIEIRA','yagovsabino@gmail.com','2018-03-18','$2y$10$uRMXFC/Ebh47qZCXUWtcOuSyPMCbDvQelg25jS9bQj./cg5T3i1Um',1,'PKiaNOB1jzim8GcrZqnkB8hAZ4x08cgSyYcYI6KlW3yvRFY7N8eCUxA3O6GG','2018-01-31 12:43:47','2018-04-12 13:44:01',NULL,0);
/*!40000 ALTER TABLE `users` ENABLE KEYS */;
UNLOCK TABLES;

--
-- Temporary table structure for view `v_funcionarios_gastos`
--

DROP TABLE IF EXISTS `v_funcionarios_gastos`;
/*!50001 DROP VIEW IF EXISTS `v_funcionarios_gastos`*/;
SET @saved_cs_client     = @@character_set_client;
SET character_set_client = utf8;
/*!50001 CREATE VIEW `v_funcionarios_gastos` AS SELECT 
 1 AS `nb_gasto`,
 1 AS `tx_name`*/;
SET character_set_client = @saved_cs_client;

--
-- Temporary table structure for view `v_horas_trabalhadas`
--

DROP TABLE IF EXISTS `v_horas_trabalhadas`;
/*!50001 DROP VIEW IF EXISTS `v_horas_trabalhadas`*/;
SET @saved_cs_client     = @@character_set_client;
SET character_set_client = utf8;
/*!50001 CREATE VIEW `v_horas_trabalhadas` AS SELECT 
 1 AS `nome`,
 1 AS `projeto`,
 1 AS `status`,
 1 AS `hora`,
 1 AS `despesa`,
 1 AS `mes`,
 1 AS `ano`,
 1 AS `dia`*/;
SET character_set_client = @saved_cs_client;

--
-- Temporary table structure for view `v_last_horas_projetos_funcionarios`
--

DROP TABLE IF EXISTS `v_last_horas_projetos_funcionarios`;
/*!50001 DROP VIEW IF EXISTS `v_last_horas_projetos_funcionarios`*/;
SET @saved_cs_client     = @@character_set_client;
SET character_set_client = utf8;
/*!50001 CREATE VIEW `v_last_horas_projetos_funcionarios` AS SELECT 
 1 AS `tx_name`,
 1 AS `tx_projeto`,
 1 AS `nb_horas_trabalho`,
 1 AS `dt_trabalho`,
 1 AS `dt_created`,
 1 AS `dt_updated`,
 1 AS `nb_despesa`*/;
SET character_set_client = @saved_cs_client;

--
-- Temporary table structure for view `v_media_horas_funcionarios`
--

DROP TABLE IF EXISTS `v_media_horas_funcionarios`;
/*!50001 DROP VIEW IF EXISTS `v_media_horas_funcionarios`*/;
SET @saved_cs_client     = @@character_set_client;
SET character_set_client = utf8;
/*!50001 CREATE VIEW `v_media_horas_funcionarios` AS SELECT 
 1 AS `meses`,
 1 AS `anterior`,
 1 AS `atual`,
 1 AS `tx_name`*/;
SET character_set_client = @saved_cs_client;

--
-- Temporary table structure for view `v_projetos_gastos`
--

DROP TABLE IF EXISTS `v_projetos_gastos`;
/*!50001 DROP VIEW IF EXISTS `v_projetos_gastos`*/;
SET @saved_cs_client     = @@character_set_client;
SET character_set_client = utf8;
/*!50001 CREATE VIEW `v_projetos_gastos` AS SELECT 
 1 AS `tx_projeto`,
 1 AS `nb_gasto`*/;
SET character_set_client = @saved_cs_client;

--
-- Temporary table structure for view `v_resumo_mensal`
--

DROP TABLE IF EXISTS `v_resumo_mensal`;
/*!50001 DROP VIEW IF EXISTS `v_resumo_mensal`*/;
SET @saved_cs_client     = @@character_set_client;
SET character_set_client = utf8;
/*!50001 CREATE VIEW `v_resumo_mensal` AS SELECT 
 1 AS `id_funcionario`,
 1 AS `tx_color`,
 1 AS `id_projeto`,
 1 AS `tx_projeto`,
 1 AS `dt_resumo`,
 1 AS `nb_horas`,
 1 AS `nb_despesas`*/;
SET character_set_client = @saved_cs_client;

--
-- Dumping routines for database 'bic'
--
/*!50003 DROP FUNCTION IF EXISTS `f_horas_mes_atual` */;
/*!50003 SET @saved_cs_client      = @@character_set_client */ ;
/*!50003 SET @saved_cs_results     = @@character_set_results */ ;
/*!50003 SET @saved_col_connection = @@collation_connection */ ;
/*!50003 SET character_set_client  = utf8 */ ;
/*!50003 SET character_set_results = utf8 */ ;
/*!50003 SET collation_connection  = utf8_general_ci */ ;
/*!50003 SET @saved_sql_mode       = @@sql_mode */ ;
/*!50003 SET sql_mode              = 'ONLY_FULL_GROUP_BY,STRICT_TRANS_TABLES,NO_ZERO_IN_DATE,NO_ZERO_DATE,ERROR_FOR_DIVISION_BY_ZERO,NO_AUTO_CREATE_USER,NO_ENGINE_SUBSTITUTION' */ ;
DELIMITER ;;
CREATE  FUNCTION `f_horas_mes_atual`(pid_funcionario INTEGER) RETURNS double
BEGIN
    
	DECLARE mes_atual INT;
	DECLARE ano_atual INT;
	DECLARE media DOUBLE;	

	SET mes_atual := MONTH(SYSDATE());
	SET ano_atual := YEAR(SYSDATE());
	
	SELECT sum(nb_horas_trabalho) INTO media FROM horas_projetos_funcionarios 
	WHERE MONTH(dt_trabalho) = mes_atual 
	AND YEAR(dt_trabalho) = ano_atual
	AND id_funcionario = pid_funcionario;	

	RETURN media;

END ;;
DELIMITER ;
/*!50003 SET sql_mode              = @saved_sql_mode */ ;
/*!50003 SET character_set_client  = @saved_cs_client */ ;
/*!50003 SET character_set_results = @saved_cs_results */ ;
/*!50003 SET collation_connection  = @saved_col_connection */ ;
/*!50003 DROP FUNCTION IF EXISTS `f_media_horas_3_meses` */;
/*!50003 SET @saved_cs_client      = @@character_set_client */ ;
/*!50003 SET @saved_cs_results     = @@character_set_results */ ;
/*!50003 SET @saved_col_connection = @@collation_connection */ ;
/*!50003 SET character_set_client  = utf8 */ ;
/*!50003 SET character_set_results = utf8 */ ;
/*!50003 SET collation_connection  = utf8_general_ci */ ;
/*!50003 SET @saved_sql_mode       = @@sql_mode */ ;
/*!50003 SET sql_mode              = 'ONLY_FULL_GROUP_BY,STRICT_TRANS_TABLES,NO_ZERO_IN_DATE,NO_ZERO_DATE,ERROR_FOR_DIVISION_BY_ZERO,NO_AUTO_CREATE_USER,NO_ENGINE_SUBSTITUTION' */ ;
DELIMITER ;;
CREATE  FUNCTION `f_media_horas_3_meses`(pid_funcionario INTEGER) RETURNS double
BEGIN
    
	DECLARE mes_atual INT;
	DECLARE ano_atual INT;
	DECLARE media DOUBLE;	

	DECLARE x DOUBLE;
	DECLARE x2 DOUBLE;


	SET mes_atual := MONTH(SYSDATE());
	SET ano_atual := YEAR(SYSDATE());

	/* CASO COMUM */
	
	SELECT AVG((nb_horas_trabalho)) INTO media FROM horas_projetos_funcionarios
	WHERE MONTH(dt_trabalho) IN (mes_atual-1,mes_atual-2,mes_atual-3)
	AND YEAR(dt_trabalho) IN (ano_atual)
	AND id_funcionario = pid_funcionario;
	
	/* CASO ESPECIAL */
	IF(mes_atual = 3) THEN

		SELECT sum(nb_horas_trabalho) INTO x FROM horas_projetos_funcionarios 
		WHERE MONTH(dt_trabalho) IN (mes_atual-1,mes_atual-2) 
		AND YEAR(dt_trabalho) = ano_atual
		AND id_funcionario = pid_funcionario;

		SELECT sum(nb_horas_trabalho) INTO x2 FROM horas_projetos_funcionarios 
		WHERE MONTH(dt_trabalho) = 12 
		AND YEAR(dt_trabalho) = ano_atual-1
		AND id_funcionario = pid_funcionario;

		SET media := (x+x2)/3;
	END IF;

	IF(mes_atual = 2) THEN

		SELECT sum(nb_horas_trabalho) INTO x FROM horas_projetos_funcionarios
		WHERE MONTH(dt_trabalho) IN (mes_atual-1)
		AND YEAR(dt_trabalho) = ano_atual
		AND id_funcionario = pid_funcionario;
		
		SELECT sum(nb_horas_trabalho) INTO x2 FROM horas_projetos_funcionarios 
		WHERE MONTH(dt_trabalho) IN (11,12)
		AND YEAR(dt_trabalho) = ano_atual-1
		AND id_funcionario = pid_funcionario;

		SET media := (x+x2)/3;
	END IF;

	IF(mes_atual = 1) THEN

		SELECT sum(nb_horas_trabalho) INTO x FROM horas_projetos_funcionarios 
		WHERE MONTH(dt_trabalho) IN (10,11,12) 
		AND YEAR(dt_trabalho) = ano_atual-1
		AND id_funcionario = pid_funcionario;

		SET media := x/3;

	END IF;

	RETURN media;

END ;;
DELIMITER ;
/*!50003 SET sql_mode              = @saved_sql_mode */ ;
/*!50003 SET character_set_client  = @saved_cs_client */ ;
/*!50003 SET character_set_results = @saved_cs_results */ ;
/*!50003 SET collation_connection  = @saved_col_connection */ ;
/*!50003 DROP FUNCTION IF EXISTS `f_media_horas_mes_anterior` */;
/*!50003 SET @saved_cs_client      = @@character_set_client */ ;
/*!50003 SET @saved_cs_results     = @@character_set_results */ ;
/*!50003 SET @saved_col_connection = @@collation_connection */ ;
/*!50003 SET character_set_client  = utf8 */ ;
/*!50003 SET character_set_results = utf8 */ ;
/*!50003 SET collation_connection  = utf8_general_ci */ ;
/*!50003 SET @saved_sql_mode       = @@sql_mode */ ;
/*!50003 SET sql_mode              = 'ONLY_FULL_GROUP_BY,STRICT_TRANS_TABLES,NO_ZERO_IN_DATE,NO_ZERO_DATE,ERROR_FOR_DIVISION_BY_ZERO,NO_AUTO_CREATE_USER,NO_ENGINE_SUBSTITUTION' */ ;
DELIMITER ;;
CREATE  FUNCTION `f_media_horas_mes_anterior`(pid_funcionario INTEGER) RETURNS double
BEGIN
    
	DECLARE mes_atual INT;
	DECLARE ano_atual INT;
	DECLARE media DOUBLE;	

	SET mes_atual := MONTH(SYSDATE());
	SET ano_atual := YEAR(SYSDATE());

	IF(mes_atual = 1) THEN

		SELECT sum(nb_horas_trabalho) INTO media FROM horas_projetos_funcionarios 
		WHERE MONTH(dt_trabalho) IN (12) 
		AND YEAR(dt_trabalho) = ano_atual-1
		AND id_funcionario = pid_funcioncario;

	ELSE
	
		SELECT sum(nb_horas_trabalho) INTO media FROM horas_projetos_funcionarios 
		WHERE MONTH(dt_trabalho) = mes_atual-1 
		AND YEAR(dt_trabalho) = ano_atual
		AND id_funcionario = pid_funcionario;	

	END IF;

	RETURN media;

END ;;
DELIMITER ;
/*!50003 SET sql_mode              = @saved_sql_mode */ ;
/*!50003 SET character_set_client  = @saved_cs_client */ ;
/*!50003 SET character_set_results = @saved_cs_results */ ;
/*!50003 SET collation_connection  = @saved_col_connection */ ;
/*!50003 DROP PROCEDURE IF EXISTS `sp_despesas_grupos` */;
/*!50003 SET @saved_cs_client      = @@character_set_client */ ;
/*!50003 SET @saved_cs_results     = @@character_set_results */ ;
/*!50003 SET @saved_col_connection = @@collation_connection */ ;
/*!50003 SET character_set_client  = utf8 */ ;
/*!50003 SET character_set_results = utf8 */ ;
/*!50003 SET collation_connection  = utf8_general_ci */ ;
/*!50003 SET @saved_sql_mode       = @@sql_mode */ ;
/*!50003 SET sql_mode              = 'NO_AUTO_VALUE_ON_ZERO' */ ;
DELIMITER ;;
CREATE  PROCEDURE `sp_despesas_grupos`(IN `ano` INT)
    NO SQL
    DETERMINISTIC
BEGIN 
    DECLARE i INT DEFAULT 1;
	DECLARE j VARCHAR(2);

    WHILE i <= 12 DO

    	set j = i;

		IF(i < 10) THEN
			set j = CONCAT('0',i);
		END IF;

		/*limpar dados*/
		DELETE FROM despesas_grupos
        WHERE dt_despesa = CONCAT(j,'/',ano);
		commit;
	
    	INSERT INTO despesas_grupos
        	(id_grupo, dt_despesa, nb_despesa)
            (SELECT
             	grupos.id_grupo,
             	CONCAT(j,'/',ano) as dt_despesa,
             	IFNULL(sum(horas_projetos_funcionarios.nb_despesa),0) as nb_despesa
            FROM horas_projetos_funcionarios, grupos
            WHERE horas_projetos_funcionarios.id_grupo = grupos.id_grupo
            AND MONTH(horas_projetos_funcionarios.dt_trabalho) = i
            AND YEAR(horas_projetos_funcionarios.dt_trabalho) = ano
            GROUP BY horas_projetos_funcionarios.id_grupo
            ORDER BY horas_projetos_funcionarios.id_grupo);
        
        set i=i+1;
        
    END WHILE;
END ;;
DELIMITER ;
/*!50003 SET sql_mode              = @saved_sql_mode */ ;
/*!50003 SET character_set_client  = @saved_cs_client */ ;
/*!50003 SET character_set_results = @saved_cs_results */ ;
/*!50003 SET collation_connection  = @saved_col_connection */ ;
/*!50003 DROP PROCEDURE IF EXISTS `sp_horas_grupos` */;
/*!50003 SET @saved_cs_client      = @@character_set_client */ ;
/*!50003 SET @saved_cs_results     = @@character_set_results */ ;
/*!50003 SET @saved_col_connection = @@collation_connection */ ;
/*!50003 SET character_set_client  = utf8 */ ;
/*!50003 SET character_set_results = utf8 */ ;
/*!50003 SET collation_connection  = utf8_general_ci */ ;
/*!50003 SET @saved_sql_mode       = @@sql_mode */ ;
/*!50003 SET sql_mode              = 'NO_AUTO_VALUE_ON_ZERO' */ ;
DELIMITER ;;
CREATE  PROCEDURE `sp_horas_grupos`(in ano int)
BEGIN 
    DECLARE i INT DEFAULT 1;
	DECLARE j VARCHAR(2);

    WHILE i <= 12 DO

    	set j = i;

		IF(i < 10) THEN
			set j = CONCAT('0',i);
		END IF;

		/*limpar dados*/
		DELETE FROM horas_grupos
        WHERE dt_horas = CONCAT(j,'/',ano);
		commit;
	
    	INSERT INTO horas_grupos
        	(id_grupo, dt_horas, nb_horas)
            (SELECT
             	horas_projetos_funcionarios.id_grupo,
             	CONCAT(j,'/',ano) as dt_horas,
             	IFNULL(sum(horas_projetos_funcionarios.nb_horas_trabalho),0) as nb_horas
            FROM horas_projetos_funcionarios
            WHERE MONTH(horas_projetos_funcionarios.dt_trabalho) = i
            AND YEAR(horas_projetos_funcionarios.dt_trabalho) = ano
            GROUP BY horas_projetos_funcionarios.id_grupo
            ORDER BY horas_projetos_funcionarios.id_grupo);
        
        set i=i+1;
        
    END WHILE;
END ;;
DELIMITER ;
/*!50003 SET sql_mode              = @saved_sql_mode */ ;
/*!50003 SET character_set_client  = @saved_cs_client */ ;
/*!50003 SET character_set_results = @saved_cs_results */ ;
/*!50003 SET collation_connection  = @saved_col_connection */ ;

--
-- Final view structure for view `v_funcionarios_gastos`
--

/*!50001 DROP VIEW IF EXISTS `v_funcionarios_gastos`*/;
/*!50001 SET @saved_cs_client          = @@character_set_client */;
/*!50001 SET @saved_cs_results         = @@character_set_results */;
/*!50001 SET @saved_col_connection     = @@collation_connection */;
/*!50001 SET character_set_client      = utf8mb4 */;
/*!50001 SET character_set_results     = utf8mb4 */;
/*!50001 SET collation_connection      = utf8mb4_general_ci */;
/*!50001 CREATE ALGORITHM=UNDEFINED */
/*!50013  SQL SECURITY DEFINER */
/*!50001 VIEW `v_funcionarios_gastos` AS select sum(`horas_projetos_funcionarios`.`nb_despesa`) AS `nb_gasto`,`users`.`tx_name` AS `tx_name` from (`horas_projetos_funcionarios` join `users`) where (`horas_projetos_funcionarios`.`id_funcionario` = `users`.`id_usuario`) group by `horas_projetos_funcionarios`.`id_funcionario`,`users`.`tx_name` order by sum(`horas_projetos_funcionarios`.`nb_despesa`) desc */;
/*!50001 SET character_set_client      = @saved_cs_client */;
/*!50001 SET character_set_results     = @saved_cs_results */;
/*!50001 SET collation_connection      = @saved_col_connection */;

--
-- Final view structure for view `v_horas_trabalhadas`
--

/*!50001 DROP VIEW IF EXISTS `v_horas_trabalhadas`*/;
/*!50001 SET @saved_cs_client          = @@character_set_client */;
/*!50001 SET @saved_cs_results         = @@character_set_results */;
/*!50001 SET @saved_col_connection     = @@collation_connection */;
/*!50001 SET character_set_client      = utf8 */;
/*!50001 SET character_set_results     = utf8 */;
/*!50001 SET collation_connection      = utf8_general_ci */;
/*!50001 CREATE ALGORITHM=UNDEFINED */
/*!50013  SQL SECURITY DEFINER */
/*!50001 VIEW `v_horas_trabalhadas` AS select `u`.`tx_name` AS `nome`,`p`.`tx_projeto` AS `projeto`,(case when (`p`.`cs_status` = 0) then 'INVESTIMENTO' when (`p`.`cs_status` = 1) then 'CONTRATO' when (`p`.`cs_status` = 2) then 'FAVOR' end) AS `status`,`h`.`nb_horas_trabalho` AS `hora`,`h`.`nb_despesa` AS `despesa`,date_format(`h`.`dt_trabalho`,'%M') AS `mes`,year(`h`.`dt_trabalho`) AS `ano`,date_format(`h`.`dt_trabalho`,'%d') AS `dia` from (((`horas_projetos_funcionarios` `h` join `projetos` `p`) join `users` `u`) join `grupos` `g`) where ((`h`.`id_projeto` = `p`.`id_projeto`) and (`h`.`id_grupo` = `p`.`id_grupo`) and (`p`.`id_grupo` = `g`.`id_grupo`) and (`h`.`id_funcionario` = `u`.`id_usuario`)) */;
/*!50001 SET character_set_client      = @saved_cs_client */;
/*!50001 SET character_set_results     = @saved_cs_results */;
/*!50001 SET collation_connection      = @saved_col_connection */;

--
-- Final view structure for view `v_last_horas_projetos_funcionarios`
--

/*!50001 DROP VIEW IF EXISTS `v_last_horas_projetos_funcionarios`*/;
/*!50001 SET @saved_cs_client          = @@character_set_client */;
/*!50001 SET @saved_cs_results         = @@character_set_results */;
/*!50001 SET @saved_col_connection     = @@collation_connection */;
/*!50001 SET character_set_client      = utf8mb4 */;
/*!50001 SET character_set_results     = utf8mb4 */;
/*!50001 SET collation_connection      = utf8mb4_general_ci */;
/*!50001 CREATE ALGORITHM=UNDEFINED */
/*!50013  SQL SECURITY DEFINER */
/*!50001 VIEW `v_last_horas_projetos_funcionarios` AS select `users`.`tx_name` AS `tx_name`,`projetos`.`tx_projeto` AS `tx_projeto`,`horas_projetos_funcionarios`.`nb_horas_trabalho` AS `nb_horas_trabalho`,date_format(`horas_projetos_funcionarios`.`dt_trabalho`,'%d/%m/%Y') AS `dt_trabalho`,date_format(`horas_projetos_funcionarios`.`created_at`,'%d/%m/%Y') AS `dt_created`,date_format(`horas_projetos_funcionarios`.`updated_at`,'%d/%m/%Y') AS `dt_updated`,`horas_projetos_funcionarios`.`nb_despesa` AS `nb_despesa` from ((`horas_projetos_funcionarios` join `users`) join `projetos`) where ((`horas_projetos_funcionarios`.`id_funcionario` = `users`.`id_usuario`) and (`horas_projetos_funcionarios`.`id_projeto` = `projetos`.`id_projeto`) and (`horas_projetos_funcionarios`.`id_grupo` = `projetos`.`id_grupo`)) order by `horas_projetos_funcionarios`.`updated_at` desc */;
/*!50001 SET character_set_client      = @saved_cs_client */;
/*!50001 SET character_set_results     = @saved_cs_results */;
/*!50001 SET collation_connection      = @saved_col_connection */;

--
-- Final view structure for view `v_media_horas_funcionarios`
--

/*!50001 DROP VIEW IF EXISTS `v_media_horas_funcionarios`*/;
/*!50001 SET @saved_cs_client          = @@character_set_client */;
/*!50001 SET @saved_cs_results         = @@character_set_results */;
/*!50001 SET @saved_col_connection     = @@collation_connection */;
/*!50001 SET character_set_client      = utf8 */;
/*!50001 SET character_set_results     = utf8 */;
/*!50001 SET collation_connection      = utf8_general_ci */;
/*!50001 CREATE ALGORITHM=UNDEFINED */
/*!50013  SQL SECURITY DEFINER */
/*!50001 VIEW `v_media_horas_funcionarios` AS select ifnull(`f_media_horas_3_meses`(`users`.`id_usuario`),0) AS `meses`,ifnull(`f_media_horas_mes_anterior`(`users`.`id_usuario`),0) AS `anterior`,ifnull(`f_horas_mes_atual`(`users`.`id_usuario`),0) AS `atual`,`users`.`tx_name` AS `tx_name` from `users` */;
/*!50001 SET character_set_client      = @saved_cs_client */;
/*!50001 SET character_set_results     = @saved_cs_results */;
/*!50001 SET collation_connection      = @saved_col_connection */;

--
-- Final view structure for view `v_projetos_gastos`
--

/*!50001 DROP VIEW IF EXISTS `v_projetos_gastos`*/;
/*!50001 SET @saved_cs_client          = @@character_set_client */;
/*!50001 SET @saved_cs_results         = @@character_set_results */;
/*!50001 SET @saved_col_connection     = @@collation_connection */;
/*!50001 SET character_set_client      = utf8mb4 */;
/*!50001 SET character_set_results     = utf8mb4 */;
/*!50001 SET collation_connection      = utf8mb4_general_ci */;
/*!50001 CREATE ALGORITHM=UNDEFINED */
/*!50013  SQL SECURITY DEFINER */
/*!50001 VIEW `v_projetos_gastos` AS select `projetos`.`tx_projeto` AS `tx_projeto`,sum(`horas_projetos_funcionarios`.`nb_despesa`) AS `nb_gasto` from (`horas_projetos_funcionarios` join `projetos`) where ((`horas_projetos_funcionarios`.`id_projeto` = `projetos`.`id_projeto`) and (`horas_projetos_funcionarios`.`id_grupo` = `projetos`.`id_grupo`)) group by `horas_projetos_funcionarios`.`id_projeto`,`projetos`.`tx_projeto` order by sum(`horas_projetos_funcionarios`.`nb_despesa`) desc */;
/*!50001 SET character_set_client      = @saved_cs_client */;
/*!50001 SET character_set_results     = @saved_cs_results */;
/*!50001 SET collation_connection      = @saved_col_connection */;

--
-- Final view structure for view `v_resumo_mensal`
--

/*!50001 DROP VIEW IF EXISTS `v_resumo_mensal`*/;
/*!50001 SET @saved_cs_client          = @@character_set_client */;
/*!50001 SET @saved_cs_results         = @@character_set_results */;
/*!50001 SET @saved_col_connection     = @@collation_connection */;
/*!50001 SET character_set_client      = utf8mb4 */;
/*!50001 SET character_set_results     = utf8mb4 */;
/*!50001 SET collation_connection      = utf8mb4_general_ci */;
/*!50001 CREATE ALGORITHM=UNDEFINED */
/*!50013  SQL SECURITY DEFINER */
/*!50001 VIEW `v_resumo_mensal` AS select `horas_projetos_funcionarios`.`id_funcionario` AS `id_funcionario`,`grupos`.`tx_color` AS `tx_color`,`projetos`.`id_projeto` AS `id_projeto`,`projetos`.`tx_projeto` AS `tx_projeto`,date_format(`horas_projetos_funcionarios`.`dt_trabalho`,'%m/%Y') AS `dt_resumo`,sum(`horas_projetos_funcionarios`.`nb_horas_trabalho`) AS `nb_horas`,sum(`horas_projetos_funcionarios`.`nb_despesa`) AS `nb_despesas` from ((`horas_projetos_funcionarios` join `projetos`) join `grupos`) where ((`horas_projetos_funcionarios`.`id_projeto` = `projetos`.`id_projeto`) and (`horas_projetos_funcionarios`.`id_grupo` = `projetos`.`id_grupo`) and (`horas_projetos_funcionarios`.`id_grupo` = `grupos`.`id_grupo`)) group by `horas_projetos_funcionarios`.`id_funcionario`,`projetos`.`id_projeto`,`grupos`.`tx_color`,`projetos`.`tx_projeto`,date_format(`horas_projetos_funcionarios`.`dt_trabalho`,'%m/%Y') */;
/*!50001 SET character_set_client      = @saved_cs_client */;
/*!50001 SET character_set_results     = @saved_cs_results */;
/*!50001 SET collation_connection      = @saved_col_connection */;
/*!40103 SET TIME_ZONE=@OLD_TIME_ZONE */;

/*!40101 SET SQL_MODE=@OLD_SQL_MODE */;
/*!40014 SET FOREIGN_KEY_CHECKS=@OLD_FOREIGN_KEY_CHECKS */;
/*!40014 SET UNIQUE_CHECKS=@OLD_UNIQUE_CHECKS */;
/*!40101 SET CHARACTER_SET_CLIENT=@OLD_CHARACTER_SET_CLIENT */;
/*!40101 SET CHARACTER_SET_RESULTS=@OLD_CHARACTER_SET_RESULTS */;
/*!40101 SET COLLATION_CONNECTION=@OLD_COLLATION_CONNECTION */;
/*!40111 SET SQL_NOTES=@OLD_SQL_NOTES */;

-- Dump completed on 2018-04-23 13:27:26
